datetime,temperature_C,irradiance_kWh_m2
1/1/2024,14.24206926891259,0
1/1/2024,12.577890746498014,0.7443764282997254
1/1/2024,11.95420303794775,1.9764249284056468
1/1/2024,15.314572351372513,2.462383030404482
1/2/2024,15.80776060886543,0
1/2/2024,10.577900343081275,0.7064041865040336
1/2/2024,11.163365686084095,1.6412029152275731
1/2/2024,17.656877924687066,2.3301662743312885
1/3/2024,16.34936700167889,0
1/3/2024,10.35841289441544,0.47825554891967104
1/3/2024,12.583814991897611,1.8600930587607354
1/3/2024,17.42006938439121,2.070027493530337
1/4/2024,14.447902479624307,0
1/4/2024,10.780933790884454,0.531471518
1/4/2024,13.416912288534725,1.9784308191785194
1/4/2024,15.632083802018816,2.445667758158455
1/5/2024,16.668955274241988,0
1/5/2024,10.238398711091028,0.7798662310377705
1/5/2024,11.655857592085626,1.7471933344053956
1/5/2024,17.08738036072793,2.315911851041804
1/6/2024,14.849575589959835,0
1/6/2024,9.777661895211788,0.4856297104277908
1/6/2024,12.51349652226158,1.5917250361799276
1/6/2024,17.195688253648296,2.286769677735138
1/7/2024,14.470982801501677,0
1/7/2024,10.066451866942122,0.6992609695937156
1/7/2024,13.32777064245495,1.6307865260600405
1/7/2024,17.26645818636733,2.2349396590924044
1/8/2024,15.270194947443091,0
1/8/2024,11.54496574822511,0.709953527
1/8/2024,13.268068094358185,1.8683368823162738
1/8/2024,17.37980461866215,2.527709039295877
1/9/2024,15.587501498572227,0
1/9/2024,12.549744125897394,0.6669678614798561
1/9/2024,11.98818565168295,1.6647008349400956
1/9/2024,17.006767172565507,2.0147650835130766
1/10/2024,16.62958821337054,0
1/10/2024,11.000093165113476,0.5375715975957545
1/10/2024,11.91544924252551,1.754773341261152
1/10/2024,16.122809006194824,2.4055000425169175
1/11/2024,15.755271182414413,0
1/11/2024,9.742980111375621,0.6703435989583748
1/11/2024,12.437669233171441,1.8417732750906695
1/11/2024,16.095988533985985,2.1537031391011423
1/12/2024,14.95355502647865,0
1/12/2024,10.662043538653677,0.86852365
1/12/2024,13.509814409914567,1.5146066143829555
1/12/2024,16.35210012833214,2.5029629277475656
1/13/2024,13.881420669607161,0
1/13/2024,10.223903443084982,0.4639250483777936
1/13/2024,13.775060051534743,1.8826301338310012
1/13/2024,16.154924067617213,2.6935883629650546
1/14/2024,16.306030191616998,0
1/14/2024,9.854432640400445,0.698552698
1/14/2024,13.587633500966216,1.6964261554603854
1/14/2024,17.310413538369406,2.6346177317312542
1/15/2024,16.441651147884805,0
1/15/2024,12.171940605723366,0.5659193723878466
1/15/2024,11.462077346618964,1.5804168138253925
1/15/2024,17.506688188384672,2.416346303998877
1/16/2024,15.356149883445816,0
1/16/2024,11.52439465692203,0.8003155888826629
1/16/2024,13.05459909543048,1.951240137952511
1/16/2024,17.24863930205016,2.445500117
1/17/2024,15.790154955059347,0
1/17/2024,10.169201464029682,0.654144328
1/17/2024,13.708241512726987,1.4449599846711667
1/17/2024,15.892160267076543,2.368939895
1/18/2024,13.975307097811172,0
1/18/2024,12.055191845387009,0.48649383886338504
1/18/2024,11.733328651524369,1.813208222664685
1/18/2024,17.765870950311474,2.690096778737956
1/19/2024,16.567111586287357,0
1/19/2024,10.655022942171152,0.3584003122523131
1/19/2024,12.284849257148869,1.8938805755251285
1/19/2024,16.404598813120693,2.520974388550267
1/20/2024,15.573767385529678,0
1/20/2024,10.03854424,0.8539242198320056
1/20/2024,12.240098521928388,1.5031163180092049
1/20/2024,16.99718975264772,2.1277702837081125
1/21/2024,15.977850229204561,0
1/21/2024,11.27906733,0.549081166
1/21/2024,11.373277247161512,1.4818353431730689
1/21/2024,16.581812515007027,2.4950628605955503
1/22/2024,15.657261928146877,0
1/22/2024,11.403962632752055,0.6072015541260467
1/22/2024,11.198598769613737,1.726645770994592
1/22/2024,16.146801577493374,2.526415869021692
1/23/2024,16.694440759706847,0
1/23/2024,11.421921836319743,0.626875454
1/23/2024,11.025349926343377,1.8274158173975397
1/23/2024,17.80251647006778,2.2375139966432287
1/24/2024,16.48250022057163,0
1/24/2024,11.580140338330075,0.7816698487278605
1/24/2024,12.772160210701536,1.9813541595685467
1/24/2024,17.12056456,2.440598343148838
1/25/2024,14.41729868674518,0
1/25/2024,12.258899568320501,0.4642526709178201
1/25/2024,12.106402903697353,1.9303064702238375
1/25/2024,16.094803046728693,2.274136099390692
1/26/2024,14.400167610246594,0
1/26/2024,11.718489089794632,0.6277810799791237
1/26/2024,13.153827740384116,1.7249407343497847
1/26/2024,16.923038531401204,2.932739551520652
1/27/2024,16.242465367488272,0
1/27/2024,9.813217139922589,0.6016248863344524
1/27/2024,12.582960244527634,1.221609884674034
1/27/2024,17.371970005749567,2.7785166626174176
1/28/2024,14.023330079337217,0
1/28/2024,12.599806138360565,0.40460427267684024
1/28/2024,12.128348442945597,1.725017702083411
1/28/2024,17.28774781,2.3713302452307294
1/29/2024,14.67509246212471,0
1/29/2024,12.648520165022193,0.5554088424037712
1/29/2024,11.481048743862921,1.7580707538533833
1/29/2024,17.746262325868713,2.394641354107334
1/30/2024,15.92069314613885,0
1/30/2024,9.724994319,0.47407151711178075
1/30/2024,12.761536252342456,1.8625869467649596
1/30/2024,16.748887468079843,1.9705900504829292
1/31/2024,15.210886460704039,0
1/31/2024,11.293653002301806,0.47769908665109806
1/31/2024,11.518190636469367,1.7559594453266711
1/31/2024,17.84897058936528,2.999425077808045
2/1/2024,16.951113027416294,0
2/1/2024,12.521977768782655,0.8401023236086728
2/1/2024,14.932323456604946,1.8093365205216934
2/1/2024,19.33507225013625,2.4555987865435163
2/2/2024,16.47282149770167,0
2/2/2024,13.26066312514607,0.6923167133043945
2/2/2024,14.365045144796964,1.7178772803497406
2/2/2024,19.854628200373167,2.562616915944289
2/3/2024,17.034831362244653,0
2/3/2024,12.227532276058492,0.5831970481622006
2/3/2024,15.925445439782502,1.883514905777767
2/3/2024,19.313120681342827,2.167499013
2/4/2024,17.596928836934225,0
2/4/2024,13.623983197636834,0.48697909685897667
2/4/2024,15.031066250341578,2.2405310737080883
2/4/2024,19.66902619205019,2.561668009157763
2/5/2024,17.104066317105715,0
2/5/2024,12.658488205081909,0.817200176
2/5/2024,13.627129659158571,1.9251256780683141
2/5/2024,17.330755630620118,3.043443317328908
2/6/2024,17.236477331747704,0
2/6/2024,12.642093720515655,0.5647139018784334
2/6/2024,15.98533140714185,1.7892364835866996
2/6/2024,18.603798759967855,2.578562758579362
2/7/2024,18.775706367741538,0
2/7/2024,12.13375627,0.5609560878447097
2/7/2024,15.273290041640548,1.7604205451626649
2/7/2024,17.750373367414156,2.849386900491395
2/8/2024,18.549486775778558,0
2/8/2024,14.639486322275745,0.4729718909059343
2/8/2024,14.178723875488341,1.8151423943275864
2/8/2024,19.657545075908633,2.768253325
2/9/2024,17.20955605909576,0
2/9/2024,13.705186918207076,0.5496733679855165
2/9/2024,15.087443066873883,1.7917808084165754
2/9/2024,17.66740994969169,2.318040924197487
2/10/2024,16.02889882860956,0
2/10/2024,13.09681673,0.6574584287927612
2/10/2024,13.911245585224375,1.5286291541434378
2/10/2024,18.081837594068116,2.589445607799675
2/11/2024,18.786096722051063,0
2/11/2024,12.799244624617362,0.5481865326799481
2/11/2024,13.417282368172975,1.8876258536096822
2/11/2024,19.665132731294122,2.7643075613267936
2/12/2024,18.10313795212226,0
2/12/2024,13.34130802,0.4378927204135318
2/12/2024,14.26995990175859,1.9927748185462355
2/12/2024,18.608792336222695,2.3294479821905854
2/13/2024,17.93221995,0
2/13/2024,13.362032081964283,0.3896497587168986
2/13/2024,14.969461831091271,1.6672808361705114
2/13/2024,19.386800214085994,2.312830804739668
2/14/2024,17.24471744808757,0
2/14/2024,13.920663102203651,0.6197909166085114
2/14/2024,15.392834714202449,1.8954614318913883
2/14/2024,19.92557183390514,2.564927123
2/15/2024,17.23157870455252,0
2/15/2024,14.536589327183012,0.42051748139127665
2/15/2024,13.397004436531429,1.9075613805322964
2/15/2024,17.315754795149207,2.387289885038328
2/16/2024,18.85550808576066,0
2/16/2024,13.356173811906404,0.43452921140925166
2/16/2024,15.278542830342431,1.6135685207274975
2/16/2024,18.80591202079027,2.7346857296426985
2/17/2024,18.026443925638112,0
2/17/2024,14.560917601099653,0.5353883956520517
2/17/2024,14.884543223865478,1.6347259175067979
2/17/2024,17.407937825394598,2.730207877412286
2/18/2024,18.819144885329063,0
2/18/2024,13.287685940509352,0.9829544524997031
2/18/2024,14.39618470471935,1.9808770385226695
2/18/2024,18.129223298228975,2.737557169844568
2/19/2024,16.412759479712097,0
2/19/2024,13.694648538560392,0.7691452206375353
2/19/2024,15.054003036021506,1.6578709106262868
2/19/2024,17.14320395440206,2.497958377
2/20/2024,17.62776968513641,0
2/20/2024,14.391818868885196,0.6969616427572872
2/20/2024,13.688035518591036,1.8922365043866587
2/20/2024,19.65376556993846,2.491863164
2/21/2024,18.747459793320274,0
2/21/2024,13.69300981,0.7207588612417709
2/21/2024,13.230789916938356,1.7908391361313432
2/21/2024,19.306180579843318,2.441135852375087
2/22/2024,17.592566304708235,0
2/22/2024,14.407694660061875,0.7292441968072302
2/22/2024,15.53533271131904,2.021593128
2/22/2024,19.106724202565236,2.2862832161843896
2/23/2024,16.952423340345035,0
2/23/2024,13.735019453173871,0.654694039
2/23/2024,13.199841803846216,2.2028157381374758
2/23/2024,17.367731524133916,1.9572025215346165
2/24/2024,17.588302566224097,0
2/24/2024,13.670545345419892,0.5866146472188752
2/24/2024,15.129473999826244,1.70332501
2/24/2024,17.204287356735705,2.3057281153267883
2/25/2024,17.887656854699543,0
2/25/2024,14.347247742127157,0.4905355858700222
2/25/2024,13.61123279764376,1.8531128577106983
2/25/2024,18.507320549671835,2.1108205160612927
2/26/2024,16.204280817589762,0
2/26/2024,14.625673522054303,0.6685946889890609
2/26/2024,14.555758360770408,1.7929265048942644
2/26/2024,17.307033455217905,2.644495531699003
2/27/2024,18.089399291517687,0
2/27/2024,12.848617753557896,0.5970105202977554
2/27/2024,13.927029800048194,1.814403461143418
2/27/2024,19.721022020445613,2.417471459473679
2/28/2024,18.49420404,0
2/28/2024,12.788612145453538,0.6504667050514397
2/28/2024,15.633211008288571,1.729302580174451
2/28/2024,19.83298097359735,2.687502472860488
2/29/2024,16.142405355435262,0
2/29/2024,13.588917354409809,0.5598364911855707
2/29/2024,14.829505951757522,1.9025936758391113
2/29/2024,18.548159745763858,2.5653314305668786
3/1/2024,19.648170035032145,0
3/1/2024,16.423491888416365,0.6700876576346368
3/1/2024,18.94123302325509,1.8135501828112515
3/1/2024,22.211967792717047,2.3494623574021407
3/2/2024,21.657948195904652,0
3/2/2024,15.283778396547696,0.804348316
3/2/2024,17.964385182298756,1.8405034031397836
3/2/2024,21.49219770397308,2.718828824195266
3/3/2024,20.27957845263678,0
3/3/2024,15.812406556145477,0.1624507201508207
3/3/2024,17.252668479365845,1.8536602821673278
3/3/2024,21.226175178100277,2.554682934
3/4/2024,19.47936539729937,0
3/4/2024,17.72549583314212,0.6091045868096614
3/4/2024,16.319734482020227,1.9517082667809373
3/4/2024,22.824721459841314,2.3558818594640587
3/5/2024,21.01260617293488,0
3/5/2024,17.437964743291687,0.593140135
3/5/2024,18.668987093306495,1.788968753
3/5/2024,22.827479360185915,2.4118094131806225
3/6/2024,21.17116472652857,0
3/6/2024,16.69030155434584,0.4739409878470625
3/6/2024,17.039212993632955,1.8607346129937692
3/6/2024,20.218633417929176,2.7811969349472903
3/7/2024,20.820988642243925,0
3/7/2024,15.75328878,0.42579146706202864
3/7/2024,18.322845179069162,1.9322100782720968
3/7/2024,20.21687229599533,2.4662906779626987
3/8/2024,21.85119207,0
3/8/2024,15.631939089327409,0.6424980038469771
3/8/2024,16.930836486275993,1.7967650682285734
3/8/2024,22.70530621,2.727967251670399
3/9/2024,20.667416486974233,0
3/9/2024,17.012879287293455,0.7205120570893222
3/9/2024,18.85423328002981,1.5879536703588455
3/9/2024,21.542720738764086,2.500267816710226
3/10/2024,20.767331126038222,0
3/10/2024,14.92968068259081,0.7524347030609783
3/10/2024,18.834609177657008,1.8692215802493497
3/10/2024,21.35210805448136,2.4317729635995575
3/11/2024,19.390723822784974,0
3/11/2024,15.45863341419542,0.9068324126017936
3/11/2024,18.791444913429203,2.125412921990383
3/11/2024,20.915908815835905,2.2833548287129637
3/12/2024,21.899125145859905,0
3/12/2024,15.23984958312623,0.5646576914799648
3/12/2024,18.346077236628034,1.7970502112515618
3/12/2024,21.448601022365203,2.3482734009409056
3/13/2024,20.61234258837304,0
3/13/2024,15.337140909763177,0.4875472915376376
3/13/2024,17.962532025343936,1.7482352653512883
3/13/2024,23.064443024460616,2.3911036066495313
3/14/2024,20.196796171786662,0
3/14/2024,16.634171057044572,0.7264814731617676
3/14/2024,18.80643991491025,2.1850406693177926
3/14/2024,20.89525032996117,2.399180061239014
3/15/2024,19.058762724241443,0
3/15/2024,15.764254053156632,0.8867567171622595
3/15/2024,16.37253767838463,1.8013532965757628
3/15/2024,20.713189865673364,2.624501295336622
3/16/2024,20.113162915506738,0
3/16/2024,15.004535245287212,0.9253289957667673
3/16/2024,18.70218908791374,1.880230829460296
3/16/2024,20.702279087113617,2.507831822713081
3/17/2024,19.853420918066703,0
3/17/2024,17.715646949117367,0.8360218783869272
3/17/2024,16.12418617710271,1.7949332492945391
3/17/2024,22.96066414700885,2.6027609410811006
3/18/2024,19.920418838010455,0
3/18/2024,15.304302227213803,0.612671905
3/18/2024,16.91444598134643,1.9009489980989027
3/18/2024,22.66825918876148,2.62606067
3/19/2024,20.25403846,0
3/19/2024,16.401018317679682,0.7049037652659162
3/19/2024,16.867896971274607,1.942160675943222
3/19/2024,22.100566412200962,2.5937042394558496
3/20/2024,20.395801029714505,0
3/20/2024,17.601723253465856,0.8807925035352735
3/20/2024,16.544246465668987,1.7792782432123055
3/20/2024,22.74647300033732,2.180551265783163
3/21/2024,19.532816816679478,0
3/21/2024,17.32063169064537,0.6706989804019236
3/21/2024,16.753871736991606,2.142078990933613
3/21/2024,20.53509531,2.3672648086605084
3/22/2024,20.539994746007427,0
3/22/2024,15.527776663256798,0.5674575865560457
3/22/2024,17.410367631160543,1.893632914914163
3/22/2024,21.180019696492625,2.7524681352277804
3/23/2024,20.548673218749954,0
3/23/2024,16.244016339202464,0.8267814411767069
3/23/2024,18.01402625741885,1.7026156445378036
3/23/2024,20.70516125897934,2.3925883114606217
3/24/2024,19.31504860735396,0
3/24/2024,16.60392250631529,0.49096093496913745
3/24/2024,16.58775947038791,1.780533077928631
3/24/2024,20.241059485104508,2.247821225221964
3/25/2024,21.21639645884633,0
3/25/2024,16.388483814955173,0.5331331104859182
3/25/2024,16.851689997585403,1.7628161284261785
3/25/2024,21.42874811002326,2.8932615611031856
3/26/2024,20.232174193395114,0
3/26/2024,16.81383731221723,0.5745185137417375
3/26/2024,17.525030537538484,1.9427263497134657
3/26/2024,20.448728910134072,2.656099313197735
3/27/2024,21.240089010095982,0
3/27/2024,15.873838000097596,0.8837521951950785
3/27/2024,18.24602681869094,1.6956832241133617
3/27/2024,22.54780140598301,2.510560565263054
3/28/2024,20.741810983109193,0
3/28/2024,14.975861746728103,0.761075175
3/28/2024,16.627242088155068,2.0276687176507995
3/28/2024,22.29915410684837,2.578633237361576
3/29/2024,21.90418096621905,0
3/29/2024,15.572652953805784,0.9888682197461082
3/29/2024,17.471836854904183,2.0244160994117144
3/29/2024,21.11862838465815,2.3436808897884327
3/30/2024,20.23117223033479,0
3/30/2024,16.212895705508537,0.8976466050972469
3/30/2024,17.188038874671616,1.8575946612539795
3/30/2024,23.050357947620263,2.185977441933443
3/31/2024,19.000557326082387,0
3/31/2024,17.871510495542065,0.6123031175442859
3/31/2024,17.445854851349427,1.6458332200739012
3/31/2024,21.645970242595382,2.255399071631428
4/1/2024,23.171151951031273,0
4/1/2024,17.910365599350918,0.7451995210772114
4/1/2024,20.94486258242475,1.8714558916586155
4/1/2024,24.120131356940988,2.7679558585724293
4/2/2024,23.197613352847117,0
4/2/2024,20.532023939170355,0.7666194793578611
4/2/2024,19.850124840316674,1.9369626082516511
4/2/2024,25.611564666250434,3.002176171247086
4/3/2024,22.973387809531864,0
4/3/2024,19.956236178174166,0.855143924
4/3/2024,19.77027727935658,1.7680761426193952
4/3/2024,24.88978729709593,2.7006218659476713
4/4/2024,22.47603092181944,0
4/4/2024,19.897048517776483,0.8531321000881918
4/4/2024,20.594574443902996,2.1915730818234627
4/4/2024,23.991770622230696,2.630635151632378
4/5/2024,22.82131112057755,0
4/5/2024,18.24754386455862,0.506750944
4/5/2024,20.584508696284217,2.1489971983754463
4/5/2024,23.61076767745482,2.380583451
4/6/2024,22.945743118134075,0
4/6/2024,18.330284263251116,0.5123362737398953
4/6/2024,21.913353291290424,2.3441662627061586
4/6/2024,24.147275392524456,2.8603894594644803
4/7/2024,24.57116375610638,0
4/7/2024,20.29833260898376,0.6047145129863724
4/7/2024,21.62339965625302,1.7695287799723802
4/7/2024,25.19822558682621,2.4295765942800855
4/8/2024,22.24048254762196,0
4/8/2024,20.172202540742912,0.5825162707752339
4/8/2024,19.12606340611864,1.706572002118245
4/8/2024,23.129338930650036,2.3426509635761024
4/9/2024,24.11314670549195,0
4/9/2024,18.52228379015841,0.49553648311414245
4/9/2024,21.85522985756313,1.9267633215006905
4/9/2024,25.65184759852882,2.8996593855913204
4/10/2024,24.14830962632768,0
4/10/2024,18.073159189774596,0.7136954029864924
4/10/2024,21.855651976456276,1.7102204388486104
4/10/2024,23.25446221891399,2.3044531569339117
4/11/2024,24.142002764636274,0
4/11/2024,20.893658411672458,0.861865539
4/11/2024,20.78407161577201,2.2726658303260563
4/11/2024,24.095009082809312,2.3745263262065754
4/12/2024,24.798248549379288,0
4/12/2024,20.740667566014114,0.7826621437459298
4/12/2024,20.002232864150027,2.0325541959663056
4/12/2024,24.21290574285682,2.1165840401679814
4/13/2024,23.62905086351496,0
4/13/2024,19.71425668017563,0.6956208345864433
4/13/2024,19.518907383938547,1.7308528233119356
4/13/2024,23.764541414087567,2.254171183582265
4/14/2024,22.146513024460734,0
4/14/2024,19.53907225379621,0.6223856647036807
4/14/2024,19.349931576188606,1.8111693485771083
4/14/2024,25.648346291356184,2.552282683243482
4/15/2024,23.94711272290753,0
4/15/2024,20.51315434,0.7492821755360554
4/15/2024,19.76651742648125,2.1767872673643622
4/15/2024,25.36330240856783,2.573204602514316
4/16/2024,22.009382722367192,0
4/16/2024,18.83050327184225,0.6793022833200685
4/16/2024,21.431680314723852,2.0370594890803964
4/16/2024,24.695776616333497,2.8523838386720697
4/17/2024,22.99577265780037,0
4/17/2024,20.39828290617054,0.4219868192560786
4/17/2024,19.72544067683865,1.774829890648597
4/17/2024,23.811501547244156,2.332916540570691
4/18/2024,24.67341217209433,0
4/18/2024,19.264817905214237,1.038435904818793
4/18/2024,21.031972681237146,2.146743415123518
4/18/2024,25.891171692445532,2.5907864555466436
4/19/2024,22.929130600822475,0
4/19/2024,19.01251952523335,0.7817889610098206
4/19/2024,19.42579154982248,1.7216128519156437
4/19/2024,23.97127046662501,2.5391958957877754
4/20/2024,22.34264842063697,0
4/20/2024,19.232356554162635,0.9424665443822173
4/20/2024,21.67030906522471,2.140781715595991
4/20/2024,23.55556086699876,2.892171704085371
4/21/2024,24.15618379712075,0
4/21/2024,18.278348728258635,0.5473331391999406
4/21/2024,21.240878518801267,2.0215931093607957
4/21/2024,23.86688397235659,2.117904021623535
4/22/2024,22.628565902097844,0
4/22/2024,19.09729071358601,0.8529577767513471
4/22/2024,20.14965747613947,2.201591421329061
4/22/2024,24.37225300414765,2.3368934608255896
4/23/2024,23.023049476054467,0
4/23/2024,19.76737577819087,0.7569868860916601
4/23/2024,19.816406333505224,2.232795933827417
4/23/2024,25.29921587072365,2.6874052717574273
4/24/2024,23.027394252370144,0
4/24/2024,18.859862431562917,0.5453272330504589
4/24/2024,21.543127317095355,2.1546924011236652
4/24/2024,25.95595532205862,2.733517268426818
4/25/2024,22.730078320532293,0
4/25/2024,20.23471997726694,0.3936546140286644
4/25/2024,19.672426454429683,1.6678059224262516
4/25/2024,25.84629347624966,2.519987422096532
4/26/2024,23.945771415423252,0
4/26/2024,19.77988784873903,0.7656830225791288
4/26/2024,19.94116681651375,1.9688556897294633
4/26/2024,24.647554463667678,2.3855558501842906
4/27/2024,23.633581492457786,0
4/27/2024,18.15909269573814,0.8307136619954079
4/27/2024,20.001294649875316,1.8779178756082529
4/27/2024,25.500233398814405,2.6436438236519177
4/28/2024,24.682600915386033,0
4/28/2024,20.80342913,0.6683736537011405
4/28/2024,20.19472479438591,2.0070503443561414
4/28/2024,24.41811748283094,2.1295691464430715
4/29/2024,24.617820214528074,0
4/29/2024,19.132153371943463,0.6585100539273783
4/29/2024,20.25273645,1.9754017703575315
4/29/2024,26.088963497974742,2.4858637851835357
4/30/2024,24.18010999017585,0
4/30/2024,18.704174393011954,0.6183737559876575
4/30/2024,21.071845225867328,2.029817417871446
4/30/2024,25.335870126061984,2.6865836031392747
5/1/2024,25.65735150412511,0
5/1/2024,20.426231443717953,0.800002778
5/1/2024,23.92605675959276,1.9288112345509387
5/1/2024,25.73351281276004,2.3071749105515607
5/2/2024,25.278966007372453,0
5/2/2024,20.847440055233868,0.8476499863650006
5/2/2024,22.115998814136695,2.185118944
5/2/2024,26.748842566874657,2.3493577673056953
5/3/2024,25.81029687907156,0
5/3/2024,22.132452643571828,0.8545598575719064
5/3/2024,23.909359493328214,1.971240544133876
5/3/2024,25.401013009125368,2.743179915116323
5/4/2024,25.203754415895695,0
5/4/2024,20.207613902541844,0.9273829039258521
5/4/2024,21.81071460547016,2.0577124231651767
5/4/2024,26.69780276153946,2.2665456538137096
5/5/2024,24.416050573907825,0
5/5/2024,22.961979964377818,0.620659698
5/5/2024,23.215892770814687,1.9496687510814799
5/5/2024,28.08314917998177,2.173786584
5/6/2024,26.953818800903335,0
5/6/2024,21.91515569,0.6859825864236263
5/6/2024,23.32574067036927,1.9586150702568579
5/6/2024,27.291810146103437,2.776421179776113
5/7/2024,25.27558079186277,0
5/7/2024,22.342041448183664,0.6399436126726126
5/7/2024,23.280227350661367,2.0075852794641467
5/7/2024,25.885192457899688,2.659421056
5/8/2024,27.112093191981057,0
5/8/2024,22.36752627884529,0.9844746006150011
5/8/2024,21.822379194937376,2.081944868153597
5/8/2024,26.688329443498844,2.8948532782487675
5/9/2024,25.65471099070912,0
5/9/2024,22.765376955355485,0.9070456396045561
5/9/2024,23.54277968369786,1.704657466155937
5/9/2024,27.51854993892644,2.8588150872147446
5/10/2024,26.378919130612204,0
5/10/2024,20.800498077021814,0.8833890253782037
5/10/2024,22.661823251279802,1.6913344381708773
5/10/2024,28.238119254399447,2.6508769582491376
5/11/2024,26.198595329994415,0
5/11/2024,22.100165952768645,0.5100365431585528
5/11/2024,23.72557020156438,1.813518588085977
5/11/2024,25.527509297950004,2.3215251916393753
5/12/2024,25.36081319,0
5/12/2024,20.81113854677203,0.8084506491711304
5/12/2024,23.234526504815776,2.0728108591956067
5/12/2024,28.190208448611422,2.698209815217935
5/13/2024,25.660266873830615,0
5/13/2024,22.196134851458915,0.6965948931082533
5/13/2024,23.259085295025795,1.986927507991237
5/13/2024,28.061726968304352,2.650015700388606
5/14/2024,26.65756095602922,0
5/14/2024,20.965897547418184,0.7519716890401367
5/14/2024,23.27535699488637,2.1370867180206856
5/14/2024,27.74322794160461,2.6965777183640487
5/15/2024,25.545332697051318,0
5/15/2024,22.651546392276234,0.6483028382338851
5/15/2024,21.300281059988162,2.0844538333233036
5/15/2024,26.901635803362407,2.538242609501679
5/16/2024,24.912268618924244,0
5/16/2024,22.144381270469385,0.8613874889829447
5/16/2024,22.9551523,2.0639272682177734
5/16/2024,26.766202841796613,2.6288012369069684
5/17/2024,25.695654080442644,0
5/17/2024,20.30973167088161,0.3606450563404516
5/17/2024,23.820721039106918,1.993866480968115
5/17/2024,26.201491014085196,3.0350335404690245
5/18/2024,25.726808263167037,0
5/18/2024,22.266147394912068,0.6380760018938907
5/18/2024,23.955365916106118,1.833264490988871
5/18/2024,26.99102812736786,2.4708887380565985
5/19/2024,25.367805929064705,0
5/19/2024,22.280820608347025,0.6650057731675599
5/19/2024,22.478803509638038,2.2547248680282173
5/19/2024,26.791631996332054,2.7796312260689326
5/20/2024,24.50305102549188,0
5/20/2024,21.033832642323393,0.706514128
5/20/2024,23.602672790077932,1.76725548
5/20/2024,27.034008996091373,2.7552301679190285
5/21/2024,24.731555757035217,0
5/21/2024,21.215386194119382,0.967307592
5/21/2024,22.329886632741648,1.8724763751638487
5/21/2024,27.600023461583078,2.405715682087225
5/22/2024,26.996158047863382,0
5/22/2024,20.61656678360051,0.609963975
5/22/2024,23.397804622046124,2.0810098887823205
5/22/2024,26.079541456046137,2.4458163289962087
5/23/2024,25.62624947250381,0
5/23/2024,22.634215930607468,0.8171556698297007
5/23/2024,23.861268989323907,1.8738324248620368
5/23/2024,26.176449437787046,2.679031902272677
5/24/2024,24.69702552566367,0
5/24/2024,22.712625078442223,0.5975022802793958
5/24/2024,23.833184598154624,1.864983897310709
5/24/2024,25.937209569044448,2.681154692677635
5/25/2024,25.615400380252495,0
5/25/2024,21.66497794454326,0.7773884557631807
5/25/2024,23.116636549536818,1.930169069229843
5/25/2024,26.633338808206446,2.583858860760956
5/26/2024,26.22522239105534,0
5/26/2024,21.303493640630357,0.7419172103561787
5/26/2024,22.91128594732248,2.1441216265166996
5/26/2024,25.333461640844124,2.4029558784220986
5/27/2024,24.322142643564206,0
5/27/2024,20.95916082705394,0.5344944695550177
5/27/2024,21.911069878069032,2.0323431078078067
5/27/2024,27.651436222340916,2.7087681388906955
5/28/2024,25.767219322547895,0
5/28/2024,23.048377007381266,0.8004343825179333
5/28/2024,24.105322589692726,1.941099437728188
5/28/2024,26.889148107157506,2.249847572548081
5/29/2024,25.893087495322824,0
5/29/2024,21.64629778418555,0.7868856951754744
5/29/2024,23.32079494037144,1.899246124913206
5/29/2024,27.855426264110548,2.808415940248137
5/30/2024,25.24762818742269,0
5/30/2024,21.146727841099914,0.8585891301810817
5/30/2024,21.973566877864982,1.9112692155618396
5/30/2024,26.14430933448482,2.6530808429568946
5/31/2024,26.56850341227311,0
5/31/2024,21.366725540132567,0.5473383220121195
5/31/2024,22.61117886214013,1.6815229372651341
5/31/2024,27.19759769194412,2.412100613888873
6/1/2024,25.04079474364192,0
6/1/2024,22.62091247720874,0.8053574643986321
6/1/2024,22.78263557956187,2.0175926380145897
6/1/2024,27.13492011942668,2.9212295952266287
6/2/2024,26.896076247825917,0
6/2/2024,23.035509096637288,0.9022544060637278
6/2/2024,23.32530937335767,2.0900196133282622
6/2/2024,28.66236419262381,2.468839105511136
6/3/2024,27.065930869986033,0
6/3/2024,21.365456558268956,0.6615971734941899
6/3/2024,23.53537301,2.168742081081596
6/3/2024,26.136178698621354,2.446907613906057
6/4/2024,27.614741457108185,0
6/4/2024,22.109448515072692,0.8374478282119509
6/4/2024,22.77334461568057,2.0589171300484956
6/4/2024,26.84250436013439,2.557917032
6/5/2024,27.608817650833345,0
6/5/2024,22.029997852927615,0.44209128469936787
6/5/2024,22.47119903252621,1.8161807768565437
6/5/2024,28.671381383158838,2.413600852330553
6/6/2024,26.950533014295576,0
6/6/2024,23.888396207950073,0.896208479
6/6/2024,22.396496396981263,2.138990383415258
6/6/2024,28.740866894403137,2.806866378692088
6/7/2024,25.474849294920908,0
6/7/2024,23.84562401776908,1.0897922752478717
6/7/2024,23.76229846259743,1.8638892632485897
6/7/2024,28.778330865380212,2.9877640760948445
6/8/2024,27.37828123722241,0
6/8/2024,21.11914661616938,0.8297651801527653
6/8/2024,22.981978067844942,1.705659739616448
6/8/2024,26.171503942465797,2.797774332124979
6/9/2024,25.38209516808633,0
6/9/2024,20.96293744377394,0.7250580361065138
6/9/2024,23.336822691168408,1.8735547240910067
6/9/2024,28.683972678456474,2.3454204267706933
6/10/2024,26.067695716316216,0
6/10/2024,20.99383920764351,0.6898437919525713
6/10/2024,24.952201976594072,1.989810840223041
6/10/2024,27.872079148808584,2.5825039702493213
6/11/2024,26.145069633394744,0
6/11/2024,23.705989036657407,0.8948509061678741
6/11/2024,22.92423534,2.457971515608763
6/11/2024,26.480705140925178,2.515769056969566
6/12/2024,26.016500552157346,0
6/12/2024,23.383670950495137,0.9907861871909521
6/12/2024,22.071037508516078,2.0159130811872963
6/12/2024,27.16672372813949,3.072604890007331
6/13/2024,27.89272280351426,0
6/13/2024,21.422677681318746,0.9790519777832787
6/13/2024,22.400598396888807,2.321663979628321
6/13/2024,28.63518834,2.717938906
6/14/2024,26.28603048716894,0
6/14/2024,23.522505753866035,0.6961419905302713
6/14/2024,24.237090612472272,1.9658824015380993
6/14/2024,28.930012900784387,2.4878382790390097
6/15/2024,26.592082307025084,0
6/15/2024,22.888053867105818,0.47325460287694315
6/15/2024,24.80486805114585,2.287399801065243
6/15/2024,28.064499162794647,3.414746316175147
6/16/2024,26.416741775848422,0
6/16/2024,21.02592423831816,0.7578423063173438
6/16/2024,24.033225002878815,2.115814463
6/16/2024,26.76136506587886,2.9748574558887944
6/17/2024,25.935234951649477,0
6/17/2024,21.150307964272702,0.7279759142804123
6/17/2024,24.561068888598733,1.7939880248778342
6/17/2024,27.19329755506961,2.8913015463054514
6/18/2024,26.474176375698384,0
6/18/2024,21.197750356969095,1.1169010153068766
6/18/2024,22.54722184666788,2.1041666981447635
6/18/2024,27.058571718113996,2.8372616308161946
6/19/2024,25.440117307968922,0
6/19/2024,21.989872771659442,0.8162676160001058
6/19/2024,24.672302258547216,2.286868178901453
6/19/2024,26.717259231886263,2.376100021335237
6/20/2024,27.972536825453506,0
6/20/2024,20.96924961796981,1.0526361813250142
6/20/2024,23.198098332072238,2.2109597585601994
6/20/2024,28.543894392091303,3.1784086854231637
6/21/2024,27.103688588285376,0
6/21/2024,22.05722887716733,0.8234673623766965
6/21/2024,23.674865412267273,2.3374509935213434
6/21/2024,29.001302477979586,2.8209282991542772
6/22/2024,26.770862936444672,0
6/22/2024,22.70696257100636,0.7423170188873122
6/22/2024,24.527097077120914,2.3546616674334544
6/22/2024,28.372185578232077,2.683766400618304
6/23/2024,27.969138832843644,0
6/23/2024,22.542916583174534,0.8260183597645913
6/23/2024,22.975773153960873,2.0003646798450245
6/23/2024,27.036717195339126,2.7994833355002138
6/24/2024,25.19111914611795,0
6/24/2024,21.963728406521643,0.5137523999153641
6/24/2024,23.399621386846583,2.031286751306465
6/24/2024,28.394312786630113,2.670622183469568
6/25/2024,27.120642036891088,0
6/25/2024,23.508019513541708,0.726095122
6/25/2024,23.47243315820551,2.4845525653115343
6/25/2024,27.980059598025818,2.642308496082788
6/26/2024,25.503805718532313,0
6/26/2024,23.141322386391153,1.0005651276018028
6/26/2024,23.748186104878428,1.9325614167894014
6/26/2024,28.368859481943385,2.790591816753061
6/27/2024,25.435832834157146,0
6/27/2024,21.56467625156739,0.7353547975784763
6/27/2024,24.62610824801866,2.236274563098861
6/27/2024,26.252772301992415,3.1844332021179618
6/28/2024,27.876341501288543,0
6/28/2024,20.979036139468818,0.9031875093135916
6/28/2024,24.126918035651816,2.1934017118090927
6/28/2024,28.074115025598346,2.8527662316575295
6/29/2024,27.238406683613587,0
6/29/2024,21.976577798508018,1.0994430591194062
6/29/2024,23.621386967855344,2.030007348854402
6/29/2024,28.15454103050582,2.660477623834437
6/30/2024,25.574216062971114,0
6/30/2024,21.519507785501656,0.7932913081941609
6/30/2024,24.54418294512377,2.323201482604505
6/30/2024,28.343688125206494,2.2991163272808413
7/1/2024,27.02271477881018,0
7/1/2024,22.12659482199915,0.48247383744322925
7/1/2024,22.55352765020929,2.1898300956697323
7/1/2024,27.57296244425356,2.504919808198075
7/2/2024,26.751548046542688,0
7/2/2024,21.843883734890245,0.5161886263785903
7/2/2024,23.18459094570422,1.8258097329743932
7/2/2024,26.66618256181332,2.5540676821118313
7/3/2024,24.505271295909584,0
7/3/2024,22.30662113790023,0.8614373177453016
7/3/2024,23.53114600573581,2.0182970401343554
7/3/2024,28.198523171843014,2.5437542998419516
7/4/2024,27.04110529505972,0
7/4/2024,20.247065297468843,0.8142317086796743
7/4/2024,21.542803163626687,1.7463235671558823
7/4/2024,27.242928265814125,2.206786491339395
7/5/2024,24.583070017351123,0
7/5/2024,20.61478591647306,1.0411720349430955
7/5/2024,22.218188378319837,2.0574205698876713
7/5/2024,26.76307553898922,2.7735173055062265
7/6/2024,26.153997988521393,0
7/6/2024,20.914738269989193,0.6028409915985298
7/6/2024,22.564762968559243,2.168352872268827
7/6/2024,28.034096250112228,2.5037900958397707
7/7/2024,24.695882009976476,0
7/7/2024,22.83505302266712,0.6129687065954387
7/7/2024,23.102537751466983,1.8649995957421914
7/7/2024,25.693306709692326,2.5122137545986183
7/8/2024,24.73321438989724,0
7/8/2024,21.915739518498345,0.7704440747398764
7/8/2024,23.520114495673067,1.8453454088410954
7/8/2024,26.251574479322986,2.4561586293970414
7/9/2024,25.704505652722965,0
7/9/2024,21.63824477,0.9257203718263369
7/9/2024,22.611243763995436,1.8239856467218245
7/9/2024,27.626826517773495,2.617282836073687
7/10/2024,26.97829802697997,0
7/10/2024,23.081563815891336,0.9993615346938105
7/10/2024,21.476057447483687,2.1143409149071624
7/10/2024,25.97301548,2.569849248
7/11/2024,25.533218233226158,0
7/11/2024,21.61374553504953,0.7467513573207507
7/11/2024,21.41286561924678,2.0694574988255106
7/11/2024,27.84037901374089,2.4837270435715095
7/12/2024,24.485272909081633,0
7/12/2024,21.386979831099545,0.6413296984447471
7/12/2024,24.043893613841192,2.2445388680041916
7/12/2024,27.909727850196038,2.8139704933045233
7/13/2024,25.926036506888124,0
7/13/2024,22.597623476283115,0.7877561631131133
7/13/2024,23.268852186248814,1.805962093567632
7/13/2024,26.605705844825437,2.275130543889437
7/14/2024,26.982887669495877,0
7/14/2024,20.113583550042303,0.8334853666354372
7/14/2024,23.439961520549176,1.9246296917898273
7/14/2024,25.333291092080515,2.409877783832487
7/15/2024,25.470304515141663,0
7/15/2024,23.088915575347198,0.9276629897521397
7/15/2024,23.508916217266894,2.0033448684598043
7/15/2024,25.514484779139696,2.7743390756167923
7/16/2024,26.168742390333563,0
7/16/2024,21.016107370863512,0.5193003070780147
7/16/2024,21.29879244482975,1.9348022657828798
7/16/2024,26.386689585595935,2.497546441821457
7/17/2024,24.964338032164274,0
7/17/2024,20.485677933666693,0.7941262041545051
7/17/2024,21.679885162358023,2.163111190743491
7/17/2024,26.865507425907975,2.8040695813192746
7/18/2024,26.71039775527751,0
7/18/2024,21.366621237234682,0.4280202190536401
7/18/2024,21.397394758801944,2.1520508470853956
7/18/2024,27.941317975154256,2.423303297261641
7/19/2024,24.483559612209156,0
7/19/2024,21.904469480084348,0.7869828315227648
7/19/2024,22.824646863109677,1.9238336872393824
7/19/2024,26.054830017404342,2.6191904366059555
7/20/2024,26.679853990696515,0
7/20/2024,20.412660694777493,0.9392612270305792
7/20/2024,21.524448302481318,2.4384868633711076
7/20/2024,25.599976498914465,2.7145173717884243
7/21/2024,25.32255698,0
7/21/2024,22.466313551973123,0.9942524373475862
7/21/2024,21.400361161834628,1.994324434055761
7/21/2024,25.480420415329462,2.522574577160273
7/22/2024,25.722424055902323,0
7/22/2024,22.377726666415477,1.2022540698109774
7/22/2024,22.03055606675124,1.8099225637182395
7/22/2024,28.16947610564817,2.5112626436588394
7/23/2024,26.18760583616433,0
7/23/2024,20.62651831337673,1.0431539435142088
7/23/2024,22.839502045226432,1.9314738853068054
7/23/2024,27.39117840694538,2.2839820647788516
7/24/2024,26.54700336546314,0
7/24/2024,20.284031928233258,0.8677668243996892
7/24/2024,23.423068710683165,2.3648426383823247
7/24/2024,25.62911147818392,2.6628968898029983
7/25/2024,24.916064220816644,0
7/25/2024,20.433172910851408,1.0778030121939464
7/25/2024,22.23831003631717,1.9880822304049386
7/25/2024,28.20484665238409,2.9749459476201983
7/26/2024,25.85834742272664,0
7/26/2024,20.89550615748672,0.8489205705178423
7/26/2024,21.854492499830204,2.1943134327653673
7/26/2024,27.468073260090428,2.3865290231541976
7/27/2024,25.61029192307258,0
7/27/2024,23.04639217999874,0.9694938370260907
7/27/2024,23.664394797614356,2.2763087054576725
7/27/2024,26.784966439057683,2.657034745749044
7/28/2024,26.21943147200272,0
7/28/2024,20.171076600038276,0.7978790082767666
7/28/2024,24.004847609717668,2.1507292374459785
7/28/2024,25.506735867867793,2.2590131689331288
7/29/2024,24.387665485793683,0
7/29/2024,20.435970178864576,1.0454196230529622
7/29/2024,23.65963461506433,2.219160174742946
7/29/2024,26.037605907417934,1.978788453677906
7/30/2024,24.733193112511348,0
7/30/2024,22.75875410670519,0.7625256450706932
7/30/2024,23.113241112366673,2.1039644124819565
7/30/2024,27.523888704407632,2.856689075937208
7/31/2024,25.90823802672398,0
7/31/2024,22.548900277750324,0.8387614450620791
7/31/2024,21.857586167553734,1.954685486296598
7/31/2024,25.719376979218502,2.654488942
8/1/2024,23.008266125741063,0
8/1/2024,20.02463014087976,0.8774409290350286
8/1/2024,20.125683944496817,2.099657334670117
8/1/2024,23.51628109829305,2.7940577294817404
8/2/2024,22.292364714693587,0
8/2/2024,19.525837063280942,0.8623503470299301
8/2/2024,19.449254702637802,1.9630728174782055
8/2/2024,23.600995987459534,2.4938326909446524
8/3/2024,22.46312483469081,0
8/3/2024,18.73051294822263,0.8192446100229291
8/3/2024,20.82873158968441,2.1369146572373703
8/3/2024,23.945859530418456,2.308342392127283
8/4/2024,23.182829395942267,0
8/4/2024,20.729060889116514,0.9245995177127796
8/4/2024,20.160890625936187,2.176260041
8/4/2024,24.385624736386198,2.5780803719777303
8/5/2024,24.40467901227205,0
8/5/2024,19.121736101072024,0.6206104785633354
8/5/2024,20.496904703670207,1.9988288108743444
8/5/2024,23.695832492145534,2.9472106588306386
8/6/2024,24.447122262692698,0
8/6/2024,20.25456306895709,0.8172920969301961
8/6/2024,19.937874493498896,1.924974669423218
8/6/2024,23.549825455098297,2.7187348569051144
8/7/2024,24.21860694239721,0
8/7/2024,19.52569448163757,0.6450310780656051
8/7/2024,19.270661181661282,1.8933722194255125
8/7/2024,24.063536634509518,2.3207626958957497
8/8/2024,24.67143505437239,0
8/8/2024,20.729951148448528,0.646337628
8/8/2024,21.349264834373415,2.1262044308274213
8/8/2024,24.02211581412888,2.5314764321761096
8/9/2024,22.537417146911405,0
8/9/2024,19.28203418040995,0.6611473791331903
8/9/2024,21.561956193536044,1.6830655705228161
8/9/2024,24.231613975592087,2.646455640248956
8/10/2024,24.16601476928269,0
8/10/2024,19.708132311225455,0.9259156254573433
8/10/2024,21.01595098166056,1.8115949115717194
8/10/2024,23.985914922448586,2.135032530659592
8/11/2024,22.334119946986494,0
8/11/2024,18.137330963778744,0.5076068521771034
8/11/2024,20.34558564871527,1.7048281475589897
8/11/2024,23.38467517735628,2.597877859902553
8/12/2024,24.587516448277782,0
8/12/2024,20.187896797032977,0.9877767002591076
8/12/2024,20.808797878297785,1.7243597514179438
8/12/2024,23.645115216710455,2.6996761555569813
8/13/2024,24.50229570292398,0
8/13/2024,18.440116011878338,0.9548118822102111
8/13/2024,20.90986872626888,1.8249901643361277
8/13/2024,23.100846842793743,2.712587894260208
8/14/2024,23.15104006568488,0
8/14/2024,20.59148317400659,0.7928886336904114
8/14/2024,19.49604213584432,2.2052205273080316
8/14/2024,23.725054734069364,2.313059643328176
8/15/2024,23.417342629860975,0
8/15/2024,20.62058106235807,0.7778001947065771
8/15/2024,21.752294630061648,1.8392297045768542
8/15/2024,23.92305934,2.462952974
8/16/2024,22.932622316827015,0
8/16/2024,19.54016748,0.7084091717547651
8/16/2024,19.69221496500758,1.5923614817291294
8/16/2024,25.655004800248115,2.5150312803598833
8/17/2024,24.730388822450614,0
8/17/2024,18.995504633718735,1.0917079388689193
8/17/2024,19.784127052502246,1.7719138830005607
8/17/2024,24.33894923079375,2.466098164445618
8/18/2024,22.504413773769514,0
8/18/2024,19.28251998163073,0.5380831417857316
8/18/2024,21.324148183678574,1.9030023772077358
8/18/2024,23.191037030401375,2.526433997336439
8/19/2024,23.712447621619706,0
8/19/2024,20.339913095339828,0.7638514091029314
8/19/2024,20.94659310901676,1.734568583507908
8/19/2024,24.55704971027642,2.2648434590548967
8/20/2024,23.830474241127842,0
8/20/2024,18.911727597814256,0.6377568154214427
8/20/2024,19.918456761543613,1.7298355569477206
8/20/2024,23.94713406636096,2.7751458541255913
8/21/2024,24.527011890527067,0
8/21/2024,18.204687946338225,0.9394735515427699
8/21/2024,21.163887173488433,2.0416219224723497
8/21/2024,24.12200870131671,2.2853356243147185
8/22/2024,22.668353543195032,0
8/22/2024,19.110972647454766,0.6630368929736626
8/22/2024,20.50853269978979,2.008177163418059
8/22/2024,26.007611683305228,2.3851103629736623
8/23/2024,24.938859727844132,0
8/23/2024,19.93555484369716,0.6994075929181964
8/23/2024,21.430492037693107,1.7664788109660965
8/23/2024,25.354572225724045,2.3856802069321192
8/24/2024,23.92139454784882,0
8/24/2024,18.13528614751123,0.612706008
8/24/2024,20.04368359489083,2.104725360559161
8/24/2024,25.68974556447972,2.5910585138593287
8/25/2024,23.275230671819852,0
8/25/2024,18.014909327191305,0.8751938251922237
8/25/2024,20.621105223053284,2.0030825415014113
8/25/2024,24.19934375233493,2.210271051150675
8/26/2024,23.42785668999875,0
8/26/2024,20.83885140088568,0.6357167707636477
8/26/2024,19.178623789162085,2.0593377510157893
8/26/2024,25.025828942733074,2.350982551161386
8/27/2024,24.522158637926456,0
8/27/2024,20.406133082819913,0.7290200255197008
8/27/2024,19.666708305419455,1.9624764136836874
8/27/2024,25.748882167829382,2.4586212224183144
8/28/2024,24.194379052862374,0
8/28/2024,19.309982919807815,0.8575490402880772
8/28/2024,20.20436946867472,2.0918843915261944
8/28/2024,24.73559044163292,2.7548830097493315
8/29/2024,22.25398736668979,0
8/29/2024,19.899605012771907,0.493124892
8/29/2024,19.648590346170096,1.9327821675834749
8/29/2024,24.225689871853394,2.744976760801174
8/30/2024,22.16008794496682,0
8/30/2024,20.295417163842195,0.21493521481534453
8/30/2024,20.54388168,1.8900199586482564
8/30/2024,23.765048487711944,2.466122622147128
8/31/2024,24.96881226773878,0
8/31/2024,19.009792619000706,0.8399592917417233
8/31/2024,19.989952108127596,1.887474422029938
8/31/2024,25.315499247508576,2.265724880605198
9/1/2024,21.06295054350584,0
9/1/2024,15.522351321034664,0.566344358
9/1/2024,17.225726472045885,1.9083950246890935
9/1/2024,21.357205244193956,2.538796528
9/2/2024,19.694513440178998,0
9/2/2024,17.65862658229422,0.7875785064109339
9/2/2024,17.340468488409254,2.1044363742999326
9/2/2024,22.67923491173955,2.457062032784924
9/3/2024,21.007040488032807,0
9/3/2024,16.35942414774487,0.5580288435526609
9/3/2024,17.633533971939862,1.8714862339813387
9/3/2024,22.636931241031824,2.762887983220119
9/4/2024,20.369494495240193,0
9/4/2024,16.503390130818147,0.606802084
9/4/2024,16.864220542073877,1.892177893413912
9/4/2024,20.23023434556219,2.441877545029014
9/5/2024,20.58299999269984,0
9/5/2024,16.457025630926864,0.8199507723290335
9/5/2024,16.24395417,1.8331035903283828
9/5/2024,21.497671966935208,2.641991666230146
9/6/2024,20.960678797316547,0
9/6/2024,16.017909204936032,0.5470824698518136
9/6/2024,16.51014291004709,1.6940736513132078
9/6/2024,21.63777817502877,2.855248705611799
9/7/2024,21.702003838975937,0
9/7/2024,16.12106062861981,0.7299432068182738
9/7/2024,18.237159976326453,1.8597538520226002
9/7/2024,20.405428978174054,2.338057986457274
9/8/2024,21.421605448355365,0
9/8/2024,17.43338832384526,1.0249229220888771
9/8/2024,17.548026937503685,1.8310058039254187
9/8/2024,21.208771106773007,2.7519747971988613
9/9/2024,21.57726716377178,0
9/9/2024,15.338735694933613,0.5466842414487397
9/9/2024,18.24315622125326,1.6227780293470069
9/9/2024,22.543066665195113,2.281285116383377
9/10/2024,19.461960235742495,0
9/10/2024,15.446136648633464,0.6132820566546037
9/10/2024,17.13660687531225,1.9223739788183003
9/10/2024,21.375026253263204,2.9782710978119775
9/11/2024,20.518810981606954,0
9/11/2024,16.521295144309892,0.8035913947429533
9/11/2024,17.003773706516697,2.182009191850471
9/11/2024,21.182970816141548,2.1229124822501984
9/12/2024,21.759375919162373,0
9/12/2024,15.77748520902492,0.7229029618521783
9/12/2024,18.73817370497645,1.8298312353435422
9/12/2024,20.89289425,2.6146702553199312
9/13/2024,19.284530931698498,0
9/13/2024,17.825392886794045,0.48447495214217023
9/13/2024,16.94425805040895,2.1331607245787345
9/13/2024,20.15550759172178,2.475172295180339
9/14/2024,20.88227305662991,0
9/14/2024,15.534402312264278,0.613143226
9/14/2024,18.019974421557798,1.9254360976701264
9/14/2024,21.77041316517486,2.187513646423581
9/15/2024,19.801732391122524,0
9/15/2024,17.084870367616833,0.3833390657552137
9/15/2024,18.105189257394148,2.1603929770788874
9/15/2024,22.746935609379726,2.418414183978176
9/16/2024,20.20557913014105,0
9/16/2024,17.21393515605886,0.9517333757659261
9/16/2024,18.68220073264236,1.894594874491086
9/16/2024,22.749708096253386,2.3448190170812886
9/17/2024,20.335308122631588,0
9/17/2024,15.108278579150632,0.5871278845202731
9/17/2024,17.700994638274384,2.0571579593043805
9/17/2024,21.165294400307047,2.6552592976154106
9/18/2024,19.62642860074047,0
9/18/2024,17.007737839596782,0.4207529955359419
9/18/2024,17.457298022811248,1.9623538301303982
9/18/2024,22.21490894,2.367381896665907
9/19/2024,21.668308044675417,0
9/19/2024,15.505801921736253,0.6709505021862029
9/19/2024,18.02615723850004,1.8541694318824278
9/19/2024,22.69875206034493,2.619162097020001
9/20/2024,20.691839896112015,0
9/20/2024,17.059240167881985,0.5788575794174948
9/20/2024,16.50831831755323,1.8612603597633468
9/20/2024,22.782792278586733,2.4025611600558636
9/21/2024,20.957939525404942,0
9/21/2024,16.785793826532988,0.38380493651601694
9/21/2024,17.534655973346823,1.8282019509333038
9/21/2024,22.824224698568052,2.317300751242037
9/22/2024,21.107814935993254,0
9/22/2024,17.163862099047147,0.7095280543056199
9/22/2024,16.878727946815264,1.983662672021267
9/22/2024,20.79998218125158,2.5849636063142447
9/23/2024,19.232218863045702,0
9/23/2024,15.910911364708408,0.756581293
9/23/2024,16.908015127358848,1.954267627
9/23/2024,22.251499212582914,2.8423460690418865
9/24/2024,20.652839767140136,0
9/24/2024,16.034845851510937,0.8731428222870892
9/24/2024,16.321889203857275,1.8482277612753637
9/24/2024,20.260229138676053,2.526780909399017
9/25/2024,20.17861735968271,0
9/25/2024,15.358371222362802,0.8175685011524552
9/25/2024,18.357036037901903,1.8362624640222216
9/25/2024,22.36765699480429,2.700859100993667
9/26/2024,20.17497045753036,0
9/26/2024,14.990484168435659,0.4849378887991733
9/26/2024,18.38278403797264,1.6531428136412296
9/26/2024,22.93825001189808,2.324117718307001
9/27/2024,20.825238899442095,0
9/27/2024,15.369654045649888,0.7365608216284657
9/27/2024,16.02244960775571,2.152077936853913
9/27/2024,22.727434849241366,2.472905220877095
9/28/2024,21.096068992712485,0
9/28/2024,17.670940031898432,0.6266148146558544
9/28/2024,16.689224609733888,1.7647481262773452
9/28/2024,21.604566747102417,2.448261453277682
9/29/2024,20.848943104366004,0
9/29/2024,16.16503924545803,0.5469381053836765
9/29/2024,16.278780745711014,1.6693512614740662
9/29/2024,22.729783403720173,2.7312517907260854
9/30/2024,20.402318472164804,0
9/30/2024,15.698618004517234,0.38804163592044616
9/30/2024,18.091926536928096,1.944881268406423
9/30/2024,20.799657420899212,2.7731502698016213
10/1/2024,18.260844021150014,0
10/1/2024,12.049743816670858,0.8928637050854242
10/1/2024,13.063705724286457,1.892079561971187
10/1/2024,18.55141215070645,2.563426142449128
10/2/2024,16.610560064580937,0
10/2/2024,14.55279465793634,0.5435541572404999
10/2/2024,15.108198175857684,1.579009748753199
10/2/2024,17.347023727179053,2.5338556188629546
10/3/2024,17.771155328530206,0
10/3/2024,11.90465339781549,0.7089610049762195
10/3/2024,13.990708995636608,1.7576523346598074
10/3/2024,19.839795760919156,2.390944681998483
10/4/2024,16.077755035844632,0
10/4/2024,12.699312774297866,0.43345448542809795
10/4/2024,14.13328172619371,1.9393981047409228
10/4/2024,18.45068756958754,2.594562088865734
10/5/2024,17.424977730313877,0
10/5/2024,13.82521410197152,0.6957904832261369
10/5/2024,15.08639965869319,2.003868478643948
10/5/2024,19.124979098584998,2.183677707899495
10/6/2024,16.68308488938943,0
10/6/2024,14.424773477926767,0.5964929535135565
10/6/2024,13.276231074406384,1.7416626162992173
10/6/2024,18.46690825323675,2.4614314837498625
10/7/2024,17.95264805063493,0
10/7/2024,13.002984228697116,0.4473304339664977
10/7/2024,13.554358682053131,1.8228835513784845
10/7/2024,17.247741481560197,2.023424609121555
10/8/2024,16.486862103677495,0
10/8/2024,12.18779375845631,0.7211523365398482
10/8/2024,15.77860385408253,1.5393054219331272
10/8/2024,18.65907176310582,2.7612764567800223
10/9/2024,16.679153488899757,0
10/9/2024,13.622809260989264,0.5140543046764274
10/9/2024,14.03053368471489,1.8577983338766368
10/9/2024,17.26244551,2.3857363573221786
10/10/2024,18.042686094899356,0
10/10/2024,14.614055028014196,0.9153357951235668
10/10/2024,14.324736888595273,1.722800436365364
10/10/2024,18.217213367337706,2.698887800239598
10/11/2024,18.99425657130468,0
10/11/2024,14.651513755576103,0.6252368942218833
10/11/2024,14.784290051195697,1.440449678690374
10/11/2024,19.632115861109366,2.3154849431067044
10/12/2024,18.638442866895115,0
10/12/2024,12.485191975900218,0.3218924682626468
10/12/2024,13.000539216685057,1.761261463
10/12/2024,19.015099289056337,2.524681821087103
10/13/2024,17.032021070342513,0
10/13/2024,13.211350167514567,0.47211315918441943
10/13/2024,14.101174020213518,1.8113176550040266
10/13/2024,17.81007756655956,2.618104685383044
10/14/2024,18.41906203,0
10/14/2024,13.07838635069743,0.5444620005594742
10/14/2024,15.214381942205932,1.7197148297966574
10/14/2024,18.188116825190974,2.5515699323372893
10/15/2024,16.688328058309096,0
10/15/2024,13.304260523047345,0.4947183138718095
10/15/2024,13.477653850206693,1.7575141332945798
10/15/2024,20.07538837329676,2.0264988373771877
10/16/2024,18.52704431902236,0
10/16/2024,14.080764903510929,0.6126611331969605
10/16/2024,13.457679447796593,1.6774823149966025
10/16/2024,18.35060515692516,2.5849791660699415
10/17/2024,17.00785376731792,0
10/17/2024,13.86227050846404,0.7975096477843928
10/17/2024,14.832435375467314,2.0450924712540886
10/17/2024,18.56837910768658,2.523008797828579
10/18/2024,16.948979487684134,0
10/18/2024,13.76463632241008,0.4830959188421172
10/18/2024,14.841687435649218,1.7240707595160778
10/18/2024,17.910419456037175,2.3520599454471802
10/19/2024,16.01339556048084,0
10/19/2024,13.28084553462864,0.7261257233099867
10/19/2024,13.150552429214898,1.6497411655976266
10/19/2024,18.859189103289122,2.5359083357719197
10/20/2024,18.591077515536025,0
10/20/2024,13.736294613810015,0.8548858553363416
10/20/2024,13.661576780367108,1.8932578371207422
10/20/2024,19.696410378575592,2.611344192545731
10/21/2024,17.61355769294628,0
10/21/2024,13.735666867958285,0.5682998207018674
10/21/2024,13.760296742537454,1.7763258294930075
10/21/2024,17.559043799357436,2.3631477673011414
10/22/2024,17.289994125052175,0
10/22/2024,12.08021273762878,0.5829853994534359
10/22/2024,15.628371769183879,1.9143168267705588
10/22/2024,18.962562348974583,2.4556662043528252
10/23/2024,18.379653600182795,0
10/23/2024,13.407935708153538,0.5722070770708362
10/23/2024,13.462638039085908,1.6677967278563752
10/23/2024,19.28852122924642,2.356007328319708
10/24/2024,17.41667128541874,0
10/24/2024,13.33780184031508,0.5030072498292558
10/24/2024,15.434424752273717,1.7863407978355685
10/24/2024,17.10580258138556,2.4903531025178958
10/25/2024,17.53708975562676,0
10/25/2024,14.092864816197288,0.6421571684280489
10/25/2024,14.657030041750597,1.982183493639316
10/25/2024,19.062883796025726,2.430359805493334
10/26/2024,18.975071880859183,0
10/26/2024,14.711934780264823,0.6079457421163362
10/26/2024,14.943170039537582,1.8656689855630908
10/26/2024,17.319847933592662,2.8400904682328303
10/27/2024,16.479096482632574,0
10/27/2024,14.056390627063315,0.6187340851035131
10/27/2024,14.538868063456277,1.8887194124570197
10/27/2024,17.286986944203914,2.654464632630243
10/28/2024,18.755735577031018,0
10/28/2024,13.212587338878844,0.7423146934758496
10/28/2024,14.275993317637447,1.9763855602313365
10/28/2024,20.00353125,2.934917475016871
10/29/2024,16.79754246819677,0
10/29/2024,12.367233189882953,0.4656466108174058
10/29/2024,13.367663897707194,1.4142689268920001
10/29/2024,19.712342618778557,3.1313975212703755
10/30/2024,16.902006886991717,0
10/30/2024,14.403003896419886,0.47977249068878597
10/30/2024,13.236869936174003,1.7146621251017349
10/30/2024,18.987777349633355,2.752053772824274
10/31/2024,17.171183540383577,0
10/31/2024,12.214767114540932,0.49349971771229983
10/31/2024,15.18749653814078,1.7576386382109779
10/31/2024,17.460607090857437,2.3246753508439832
11/1/2024,15.38857785210668,0
11/1/2024,10.790224050951501,0.6024983700606192
11/1/2024,13.461725580765105,1.9899623512009745
11/1/2024,15.523362020861718,2.5575003322187224
11/2/2024,14.973575189518504,0
11/2/2024,12.530088286672136,0.5792298929731354
11/2/2024,11.57583503322703,1.893538463036042
11/2/2024,15.553710429871265,2.490277811360347
11/3/2024,15.314012925711081,0
11/3/2024,10.889694496173872,0.5032120112458895
11/3/2024,11.732172068416524,1.810759351427561
11/3/2024,17.449665032588005,2.7694671693705986
11/4/2024,15.04955979,0
11/4/2024,11.893997184660611,0.5996748440130987
11/4/2024,13.457634070629522,1.8968866468306476
11/4/2024,17.493835057884002,2.0104589799582726
11/5/2024,14.275021828457211,0
11/5/2024,12.65191747142835,0.42535713928199453
11/5/2024,12.743243324075884,2.0776096400687156
11/5/2024,16.261784852525555,2.168515554875368
11/6/2024,16.046840243518886,0
11/6/2024,10.433569629247042,0.8992982089671891
11/6/2024,13.200924531638837,1.7412080587675836
11/6/2024,16.587017383284852,2.170770149036241
11/7/2024,16.15293487709029,0
11/7/2024,12.162166028444648,0.5192110836071193
11/7/2024,12.64903896638829,1.554884338984024
11/7/2024,17.222490462367368,2.6884253245897196
11/8/2024,16.55056194219468,0
11/8/2024,10.305992757523104,0.7824336215966202
11/8/2024,11.142057733109265,2.0406072173804546
11/8/2024,17.053012742908408,1.9047353994691194
11/9/2024,15.778390204339225,0
11/9/2024,10.105390068145105,0.5774904517396897
11/9/2024,11.97600299861115,1.582600785055214
11/9/2024,15.275109167324464,2.397668232901196
11/10/2024,13.921146712148941,0
11/10/2024,10.264328518655873,0.5657046284128134
11/10/2024,12.160355229524097,1.7013687925724168
11/10/2024,15.920864810697234,2.452260999638012
11/11/2024,16.675882171986206,0
11/11/2024,11.922698128830636,0.5624256732633907
11/11/2024,11.651780813774375,1.5044047019805873
11/11/2024,16.91751273380789,2.696518150027342
11/12/2024,13.99225755726183,0
11/12/2024,12.481705797265118,0.35865411858166385
11/12/2024,12.327489329405333,1.6868319578586488
11/12/2024,17.292858873760625,2.529221849228539
11/13/2024,14.162511262227262,0
11/13/2024,12.433776596318076,0.4192822511507566
11/13/2024,11.869734102358303,1.7601274503260793
11/13/2024,16.62579770956988,2.612707822614474
11/14/2024,15.77490424437898,0
11/14/2024,10.770368597340669,0.5054580193896316
11/14/2024,13.564813627149032,1.7181545435842092
11/14/2024,16.68807670033612,2.140741095192443
11/15/2024,15.874208728006156,0
11/15/2024,11.565654967320281,0.5786807388470547
11/15/2024,12.398846811439656,1.8391318125907874
11/15/2024,16.356836968078298,2.211086644
11/16/2024,16.31868913895843,0
11/16/2024,9.855963564304947,0.7915096089316314
11/16/2024,13.702886107688574,1.5938929540273323
11/16/2024,16.07769309133819,2.383918010555616
11/17/2024,13.930059939963634,0
11/17/2024,12.06338286807653,0.6448448125908628
11/17/2024,13.34423884691173,1.886311085665311
11/17/2024,16.226431197750422,2.2876429759450794
11/18/2024,14.505858790445064,0
11/18/2024,10.547638017973709,0.6950775523568198
11/18/2024,13.648374638304482,1.5404387028029751
11/18/2024,17.149212887675425,2.678145804820727
11/19/2024,13.860296517441858,0
11/19/2024,11.926698074304253,0.6111449886729721
11/19/2024,13.561087496779685,1.4781357684371297
11/19/2024,16.893761037746888,2.2708866179256577
11/20/2024,15.325649296766409,0
11/20/2024,12.015026534398551,0.6474678763194955
11/20/2024,11.369342008572518,1.833135269074204
11/20/2024,17.64287427535678,2.3103667449628342
11/21/2024,14.499635216224597,0
11/21/2024,11.59458485,0.3573563505264856
11/21/2024,13.633461795775249,1.6057379684274107
11/21/2024,17.61967204766129,2.578315188026084
11/22/2024,14.129602067028891,0
11/22/2024,11.413084953286642,0.5204955863150609
11/22/2024,13.782185739090838,1.651406223259447
11/22/2024,15.58664361790987,2.588480621552918
11/23/2024,14.338754507680177,0
11/23/2024,11.582381734197337,0.8744405902184716
11/23/2024,13.71965372002143,1.4369870823302755
11/23/2024,16.212797585146774,2.117422637678421
11/24/2024,15.22722127175543,0
11/24/2024,11.238820605162582,0.506643734
11/24/2024,12.110245109882664,1.9184202720584425
11/24/2024,17.646453949927267,2.432624036425406
11/25/2024,15.308098881864675,0
11/25/2024,12.43480375161723,0.3665051758521477
11/25/2024,11.447864013065194,1.6398087144272493
11/25/2024,15.623236731435476,2.5414775591880843
11/26/2024,16.638481304162585,0
11/26/2024,11.213673461039637,0.8017791753284491
11/26/2024,12.032042963448392,1.5877435736305292
11/26/2024,15.386636097006834,2.005612593905486
11/27/2024,14.990036448935236,0
11/27/2024,11.333208292688006,0.7823882347339066
11/27/2024,13.787770369522034,1.665242307628336
11/27/2024,16.746678368347553,2.2881794196990617
11/28/2024,15.482154104404955,0
11/28/2024,9.897270078483736,0.5702343856125319
11/28/2024,13.629515222602034,1.543434373111957
11/28/2024,16.890587957459182,2.5445590617345557
11/29/2024,14.735707361214532,0
11/29/2024,11.32253741,0.6339757222832116
11/29/2024,11.31360278272736,1.8708343623236734
11/29/2024,17.35611669493455,2.745135729328628
11/30/2024,15.56673554866526,0
11/30/2024,12.178323469704443,0.764139645
11/30/2024,11.978231227958318,1.5863275291530126
11/30/2024,17.601071791282365,2.397282704595607
12/1/2024,14.949894498830998,0
12/1/2024,11.692976730629605,0.6054186923376885
12/1/2024,12.369444964613434,1.747178628
12/1/2024,14.809781710549897,2.479871898465125
12/2/2024,14.267956845489934,0
12/2/2024,10.04413952283454,0.42935218048246065
12/2/2024,11.358997310192915,1.779467496660186
12/2/2024,15.960450658675555,2.6503243548901994
12/3/2024,14.806858273828414,0
12/3/2024,10.334831970643364,0.5355771333395135
12/3/2024,12.564413766619154,1.7406944469607348
12/3/2024,15.432619708661964,2.829835943379169
12/4/2024,13.50368751798379,0
12/4/2024,11.22310089614006,0.9116735013427982
12/4/2024,11.462194271661293,1.2627040616732534
12/4/2024,17.03084214884473,2.392800571177736
12/5/2024,14.841688238003973,0
12/5/2024,9.744917543084272,0.4176042253460984
12/5/2024,12.687386853138648,1.8151974842848015
12/5/2024,14.810377033267702,2.210191047850188
12/6/2024,14.367273866060675,0
12/6/2024,9.247505347085292,0.2856928512247456
12/6/2024,12.088557751675891,2.095641313581979
12/6/2024,15.394023592957295,2.609052192713923
12/7/2024,15.872412796721607,0
12/7/2024,9.670177903471606,0.39409927089085306
12/7/2024,11.81582865331076,1.4045967112682616
12/7/2024,14.411255111980388,2.346372712692214
12/8/2024,15.020742261625077,0
12/8/2024,10.280068747875792,0.42748206266239913
12/8/2024,10.186035372097148,1.6355543673492845
12/8/2024,16.056131626465227,2.1222121265837375
12/9/2024,14.16639445542606,0
12/9/2024,9.765403159873188,0.5432037689099635
12/9/2024,11.798201843028105,1.6360505559516385
12/9/2024,14.443472004207667,2.5402204380964997
12/10/2024,13.736310826320926,0
12/10/2024,9.082165206205275,0.8153738942324362
12/10/2024,11.545633789510282,1.8471512409526016
12/10/2024,14.280703865468189,2.820233567354075
12/11/2024,14.93126702,0
12/11/2024,9.211315557534753,0.11114942962295198
12/11/2024,12.119485640681855,1.7502867719119353
12/11/2024,15.265779527384755,2.400249153869749
12/12/2024,13.416829457841194,0
12/12/2024,9.266108156205329,0.6423610865480665
12/12/2024,11.328861660099086,1.8067434882928395
12/12/2024,16.520715100447752,2.5359133438685855
12/13/2024,15.29771339,0
12/13/2024,10.915264832793177,0.5797497322748861
12/13/2024,12.963384949011973,1.7993223285462394
12/13/2024,15.943513417969031,1.990395404612047
12/14/2024,15.545742908753109,0
12/14/2024,8.996729718745645,0.7910253198219341
12/14/2024,10.00950523997788,1.4869159863592674
12/14/2024,14.380630782038985,2.7298212363852006
12/15/2024,14.345097007913326,0
12/15/2024,8.917627395843958,0.5136156193259935
12/15/2024,12.657330519816462,1.6110842049139864
12/15/2024,16.162179088377496,2.262117964318048
12/16/2024,14.367035038976866,0
12/16/2024,9.953390543430713,0.40721380829164533
12/16/2024,10.112900339907739,1.862888510439934
12/16/2024,15.629226489312657,2.4372206745721243
12/17/2024,14.199831058809847,0
12/17/2024,9.962748544027999,0.643965222
12/17/2024,10.320574493519086,1.814633505074331
12/17/2024,15.605514456276008,2.3833835960199052
12/18/2024,13.098763750956302,0
12/18/2024,10.215471843020447,0.4230865399721664
12/18/2024,10.498141177245795,1.714368114652245
12/18/2024,14.379565623241906,2.3742092030738813
12/19/2024,14.091275720488795,0
12/19/2024,9.867036262264829,0.47586398366826427
12/19/2024,11.802160480231548,1.6383624782297541
12/19/2024,15.04221005236405,2.267885988061692
12/20/2024,14.613843250783743,0
12/20/2024,10.543165412912359,0.5711509013348798
12/20/2024,10.20101513610231,1.4238278339046326
12/20/2024,15.931123132305183,2.425031235339806
12/21/2024,13.93584824078532,0
12/21/2024,8.932083296,0.5276138014685506
12/21/2024,10.860439079240962,1.6571053325147718
12/21/2024,14.176502244110862,1.9799811326934387
12/22/2024,13.316894290285799,0
12/22/2024,11.564872569985374,0.4420836248539939
12/22/2024,11.385953894142062,1.6295790203233202
12/22/2024,15.512941227439232,2.2950325389715807
12/23/2024,15.770475783185905,0
12/23/2024,9.909608022409667,0.5433109680537634
12/23/2024,10.856871199255046,1.8977025864679922
12/23/2024,14.407136982287795,2.4058411038981387
12/24/2024,13.064989108196162,0
12/24/2024,11.725057112344704,0.5660036646815534
12/24/2024,10.416580496798336,1.8078954129382736
12/24/2024,17.085411498304786,2.607497928052903
12/25/2024,13.921034782321028,0
12/25/2024,9.769241734785062,0.8403157021190445
12/25/2024,12.767855282009037,1.586696217
12/25/2024,16.087286064409117,2.413197723094011
12/26/2024,14.587893583705295,0
12/26/2024,8.983100364812588,0.47451621105253056
12/26/2024,10.343306850208219,1.6340806857496537
12/26/2024,14.289493296060554,2.771597801587007
12/27/2024,13.243314269006788,0
12/27/2024,11.754156945865498,0.5876388982069893
12/27/2024,11.719441462532073,1.8561505031734198
12/27/2024,14.535150356571634,2.4865107954310446
12/28/2024,15.616318832858749,0
12/28/2024,9.358288859479687,0.9334318275232483
12/28/2024,12.571765623111672,1.4520495575826755
12/28/2024,16.565858152216286,2.576521490115881
12/29/2024,13.633575203134447,0
12/29/2024,11.386009700087502,0.5886882125087359
12/29/2024,11.555853983778157,1.7345128151007676
12/29/2024,15.12834046087085,2.3946351413787434
12/30/2024,15.894283490118124,0
12/30/2024,10.737424411681564,0.29417024879557774
12/30/2024,11.44828367758237,1.5317167309470137
12/30/2024,15.555438912878037,2.5810183237347983
