datetime,temperature_C,irradiance_kWh_m2,conso_critique_kWh,conso_non_critique_kWh
1/1/2024 0:00,14.24206927,0,6018.624,2340.576
1/1/2024 6:00,12.57789075,0.744376428,6018.624,2340.576
1/1/2024 12:00,11.95420304,1.976424928,6018.624,2340.576
1/1/2024 18:00,15.31457235,2.46238303,5572.8,2167.2
1/2/2024 0:00,15.80776061,0,5572.8,2167.2
1/2/2024 6:00,10.57790034,0.706404187,6018.624,2340.576
1/2/2024 12:00,11.16336569,1.641202915,6018.624,2340.576
1/2/2024 18:00,17.65687792,2.330166274,5572.8,2167.2
1/3/2024 0:00,16.349367,0,5572.8,2167.2
1/3/2024 6:00,10.35841289,0.478255549,6018.624,2340.576
1/3/2024 12:00,12.58381499,1.860093059,6018.624,2340.576
1/3/2024 18:00,17.42006938,2.070027494,5572.8,2167.2
1/4/2024 0:00,14.44790248,0,6018.624,2340.576
1/4/2024 6:00,10.78093379,0.531471518,6018.624,2340.576
1/4/2024 12:00,13.41691229,1.978430819,6018.624,2340.576
1/4/2024 18:00,15.6320838,2.445667758,5572.8,2167.2
1/5/2024 0:00,16.66895527,0,5572.8,2167.2
1/5/2024 6:00,10.23839871,0.779866231,6018.624,2340.576
1/5/2024 12:00,11.65585759,1.747193334,6018.624,2340.576
1/5/2024 18:00,17.08738036,2.315911851,5572.8,2167.2
1/6/2024 0:00,14.84957559,0,6018.624,2340.576
1/6/2024 6:00,9.777661895,0.48562971,6018.624,2340.576
1/6/2024 12:00,12.51349652,1.591725036,6018.624,2340.576
1/6/2024 18:00,17.19568825,2.286769678,5572.8,2167.2
1/7/2024 0:00,14.4709828,0,6018.624,2340.576
1/7/2024 6:00,10.06645187,0.69926097,6018.624,2340.576
1/7/2024 12:00,13.32777064,1.630786526,6018.624,2340.576
1/7/2024 18:00,17.26645819,2.234939659,5572.8,2167.2
1/8/2024 0:00,15.27019495,0,5572.8,2167.2
1/8/2024 6:00,11.54496575,0.709953527,6018.624,2340.576
1/8/2024 12:00,13.26806809,1.868336882,6018.624,2340.576
1/8/2024 18:00,17.37980462,2.527709039,5572.8,2167.2
1/9/2024 0:00,15.5875015,0,5572.8,2167.2
1/9/2024 6:00,12.54974413,0.666967861,6018.624,2340.576
1/9/2024 12:00,11.98818565,1.664700835,6018.624,2340.576
1/9/2024 18:00,17.00676717,2.014765084,5572.8,2167.2
1/10/2024 0:00,16.62958821,0,5572.8,2167.2
1/10/2024 6:00,11.00009317,0.537571598,6018.624,2340.576
1/10/2024 12:00,11.91544924,1.754773341,6018.624,2340.576
1/10/2024 18:00,16.12280901,2.405500043,5572.8,2167.2
1/11/2024 0:00,15.75527118,0,5572.8,2167.2
1/11/2024 6:00,9.742980111,0.670343599,6018.624,2340.576
1/11/2024 12:00,12.43766923,1.841773275,6018.624,2340.576
1/11/2024 18:00,16.09598853,2.153703139,5572.8,2167.2
1/12/2024 0:00,14.95355503,0,6018.624,2340.576
1/12/2024 6:00,10.66204354,0.86852365,6018.624,2340.576
1/12/2024 12:00,13.50981441,1.514606614,6018.624,2340.576
1/12/2024 18:00,16.35210013,2.502962928,5572.8,2167.2
1/13/2024 0:00,13.88142067,0,6018.624,2340.576
1/13/2024 6:00,10.22390344,0.463925048,6018.624,2340.576
1/13/2024 12:00,13.77506005,1.882630134,6018.624,2340.576
1/13/2024 18:00,16.15492407,2.693588363,5572.8,2167.2
1/14/2024 0:00,16.30603019,0,5572.8,2167.2
1/14/2024 6:00,9.85443264,0.698552698,6018.624,2340.576
1/14/2024 12:00,13.5876335,1.696426155,6018.624,2340.576
1/14/2024 18:00,17.31041354,2.634617732,5572.8,2167.2
1/15/2024 0:00,16.44165115,0,5572.8,2167.2
1/15/2024 6:00,12.17194061,0.565919372,6018.624,2340.576
1/15/2024 12:00,11.46207735,1.580416814,6018.624,2340.576
1/15/2024 18:00,17.50668819,2.416346304,5572.8,2167.2
1/16/2024 0:00,15.35614988,0,5572.8,2167.2
1/16/2024 6:00,11.52439466,0.800315589,6018.624,2340.576
1/16/2024 12:00,13.0545991,1.951240138,6018.624,2340.576
1/16/2024 18:00,17.2486393,2.445500117,5572.8,2167.2
1/17/2024 0:00,15.79015496,0,5572.8,2167.2
1/17/2024 6:00,10.16920146,0.654144328,6018.624,2340.576
1/17/2024 12:00,13.70824151,1.444959985,6018.624,2340.576
1/17/2024 18:00,15.89216027,2.368939895,5572.8,2167.2
1/18/2024 0:00,13.9753071,0,6018.624,2340.576
1/18/2024 6:00,12.05519185,0.486493839,6018.624,2340.576
1/18/2024 12:00,11.73332865,1.813208223,6018.624,2340.576
1/18/2024 18:00,17.76587095,2.690096779,5572.8,2167.2
1/19/2024 0:00,16.56711159,0,5572.8,2167.2
1/19/2024 6:00,10.65502294,0.358400312,6018.624,2340.576
1/19/2024 12:00,12.28484926,1.893880576,6018.624,2340.576
1/19/2024 18:00,16.40459881,2.520974389,5572.8,2167.2
1/20/2024 0:00,15.57376739,0,5572.8,2167.2
1/20/2024 6:00,10.03854424,0.85392422,6018.624,2340.576
1/20/2024 12:00,12.24009852,1.503116318,6018.624,2340.576
1/20/2024 18:00,16.99718975,2.127770284,5572.8,2167.2
1/21/2024 0:00,15.97785023,0,5572.8,2167.2
1/21/2024 6:00,11.27906733,0.549081166,6018.624,2340.576
1/21/2024 12:00,11.37327725,1.481835343,6018.624,2340.576
1/21/2024 18:00,16.58181252,2.495062861,5572.8,2167.2
1/22/2024 0:00,15.65726193,0,5572.8,2167.2
1/22/2024 6:00,11.40396263,0.607201554,6018.624,2340.576
1/22/2024 12:00,11.19859877,1.726645771,6018.624,2340.576
1/22/2024 18:00,16.14680158,2.526415869,5572.8,2167.2
1/23/2024 0:00,16.69444076,0,5572.8,2167.2
1/23/2024 6:00,11.42192184,0.626875454,6018.624,2340.576
1/23/2024 12:00,11.02534993,1.827415817,6018.624,2340.576
1/23/2024 18:00,17.80251647,2.237513997,5572.8,2167.2
1/24/2024 0:00,16.48250022,0,5572.8,2167.2
1/24/2024 6:00,11.58014034,0.781669849,6018.624,2340.576
1/24/2024 12:00,12.77216021,1.98135416,6018.624,2340.576
1/24/2024 18:00,17.12056456,2.440598343,5572.8,2167.2
1/25/2024 0:00,14.41729869,0,6018.624,2340.576
1/25/2024 6:00,12.25889957,0.464252671,6018.624,2340.576
1/25/2024 12:00,12.1064029,1.93030647,6018.624,2340.576
1/25/2024 18:00,16.09480305,2.274136099,5572.8,2167.2
1/26/2024 0:00,14.40016761,0,6018.624,2340.576
1/26/2024 6:00,11.71848909,0.62778108,6018.624,2340.576
1/26/2024 12:00,13.15382774,1.724940734,6018.624,2340.576
1/26/2024 18:00,16.92303853,2.932739552,5572.8,2167.2
1/27/2024 0:00,16.24246537,0,5572.8,2167.2
1/27/2024 6:00,9.81321714,0.601624886,6018.624,2340.576
1/27/2024 12:00,12.58296024,1.221609885,6018.624,2340.576
1/27/2024 18:00,17.37197001,2.778516663,5572.8,2167.2
1/28/2024 0:00,14.02333008,0,6018.624,2340.576
1/28/2024 6:00,12.59980614,0.404604273,6018.624,2340.576
1/28/2024 12:00,12.12834844,1.725017702,6018.624,2340.576
1/28/2024 18:00,17.28774781,2.371330245,5572.8,2167.2
1/29/2024 0:00,14.67509246,0,6018.624,2340.576
1/29/2024 6:00,12.64852017,0.555408842,6018.624,2340.576
1/29/2024 12:00,11.48104874,1.758070754,6018.624,2340.576
1/29/2024 18:00,17.74626233,2.394641354,5572.8,2167.2
1/30/2024 0:00,15.92069315,0,5572.8,2167.2
1/30/2024 6:00,9.724994319,0.474071517,6018.624,2340.576
1/30/2024 12:00,12.76153625,1.862586947,6018.624,2340.576
1/30/2024 18:00,16.74888747,1.97059005,5572.8,2167.2
1/31/2024 0:00,15.21088646,0,5572.8,2167.2
1/31/2024 6:00,11.293653,0.477699087,6018.624,2340.576
1/31/2024 12:00,11.51819064,1.755959445,6018.624,2340.576
1/31/2024 18:00,17.84897059,2.999425078,5572.8,2167.2
2/1/2024 0:00,16.95111303,0,5572.8,2167.2
2/1/2024 6:00,12.52197777,0.840102324,6018.624,2340.576
2/1/2024 12:00,14.93232346,1.809336521,6018.624,2340.576
2/1/2024 18:00,19.33507225,2.455598787,5572.8,2167.2
2/2/2024 0:00,16.4728215,0,5572.8,2167.2
2/2/2024 6:00,13.26066313,0.692316713,6018.624,2340.576
2/2/2024 12:00,14.36504514,1.71787728,6018.624,2340.576
2/2/2024 18:00,19.8546282,2.562616916,5572.8,2167.2
2/3/2024 0:00,17.03483136,0,5572.8,2167.2
2/3/2024 6:00,12.22753228,0.583197048,6018.624,2340.576
2/3/2024 12:00,15.92544544,1.883514906,5572.8,2167.2
2/3/2024 18:00,19.31312068,2.167499013,5572.8,2167.2
2/4/2024 0:00,17.59692884,0,5572.8,2167.2
2/4/2024 6:00,13.6239832,0.486979097,6018.624,2340.576
2/4/2024 12:00,15.03106625,2.240531074,5572.8,2167.2
2/4/2024 18:00,19.66902619,2.561668009,5572.8,2167.2
2/5/2024 0:00,17.10406632,0,5572.8,2167.2
2/5/2024 6:00,12.65848821,0.817200176,6018.624,2340.576
2/5/2024 12:00,13.62712966,1.925125678,6018.624,2340.576
2/5/2024 18:00,17.33075563,3.043443317,5572.8,2167.2
2/6/2024 0:00,17.23647733,0,5572.8,2167.2
2/6/2024 6:00,12.64209372,0.564713902,6018.624,2340.576
2/6/2024 12:00,15.98533141,1.789236484,5572.8,2167.2
2/6/2024 18:00,18.60379876,2.578562759,5572.8,2167.2
2/7/2024 0:00,18.77570637,0,5572.8,2167.2
2/7/2024 6:00,12.13375627,0.560956088,6018.624,2340.576
2/7/2024 12:00,15.27329004,1.760420545,5572.8,2167.2
2/7/2024 18:00,17.75037337,2.8493869,5572.8,2167.2
2/8/2024 0:00,18.54948678,0,5572.8,2167.2
2/8/2024 6:00,14.63948632,0.472971891,6018.624,2340.576
2/8/2024 12:00,14.17872388,1.815142394,6018.624,2340.576
2/8/2024 18:00,19.65754508,2.768253325,5572.8,2167.2
2/9/2024 0:00,17.20955606,0,5572.8,2167.2
2/9/2024 6:00,13.70518692,0.549673368,6018.624,2340.576
2/9/2024 12:00,15.08744307,1.791780808,5572.8,2167.2
2/9/2024 18:00,17.66740995,2.318040924,5572.8,2167.2
2/10/2024 0:00,16.02889883,0,5572.8,2167.2
2/10/2024 6:00,13.09681673,0.657458429,6018.624,2340.576
2/10/2024 12:00,13.91124559,1.528629154,6018.624,2340.576
2/10/2024 18:00,18.08183759,2.589445608,5572.8,2167.2
2/11/2024 0:00,18.78609672,0,5572.8,2167.2
2/11/2024 6:00,12.79924462,0.548186533,6018.624,2340.576
2/11/2024 12:00,13.41728237,1.887625854,6018.624,2340.576
2/11/2024 18:00,19.66513273,2.764307561,5572.8,2167.2
2/12/2024 0:00,18.10313795,0,5572.8,2167.2
2/12/2024 6:00,13.34130802,0.43789272,6018.624,2340.576
2/12/2024 12:00,14.2699599,1.992774819,6018.624,2340.576
2/12/2024 18:00,18.60879234,2.329447982,5572.8,2167.2
2/13/2024 0:00,17.93221995,0,5572.8,2167.2
2/13/2024 6:00,13.36203208,0.389649759,6018.624,2340.576
2/13/2024 12:00,14.96946183,1.667280836,6018.624,2340.576
2/13/2024 18:00,19.38680021,2.312830805,5572.8,2167.2
2/14/2024 0:00,17.24471745,0,5572.8,2167.2
2/14/2024 6:00,13.9206631,0.619790917,6018.624,2340.576
2/14/2024 12:00,15.39283471,1.895461432,5572.8,2167.2
2/14/2024 18:00,19.92557183,2.564927123,5572.8,2167.2
2/15/2024 0:00,17.2315787,0,5572.8,2167.2
2/15/2024 6:00,14.53658933,0.420517481,6018.624,2340.576
2/15/2024 12:00,13.39700444,1.907561381,6018.624,2340.576
2/15/2024 18:00,17.3157548,2.387289885,5572.8,2167.2
2/16/2024 0:00,18.85550809,0,5572.8,2167.2
2/16/2024 6:00,13.35617381,0.434529211,6018.624,2340.576
2/16/2024 12:00,15.27854283,1.613568521,5572.8,2167.2
2/16/2024 18:00,18.80591202,2.73468573,5572.8,2167.2
2/17/2024 0:00,18.02644393,0,5572.8,2167.2
2/17/2024 6:00,14.5609176,0.535388396,6018.624,2340.576
2/17/2024 12:00,14.88454322,1.634725918,6018.624,2340.576
2/17/2024 18:00,17.40793783,2.730207877,5572.8,2167.2
2/18/2024 0:00,18.81914489,0,5572.8,2167.2
2/18/2024 6:00,13.28768594,0.982954452,6018.624,2340.576
2/18/2024 12:00,14.3961847,1.980877039,6018.624,2340.576
2/18/2024 18:00,18.1292233,2.73755717,5572.8,2167.2
2/19/2024 0:00,16.41275948,0,5572.8,2167.2
2/19/2024 6:00,13.69464854,0.769145221,6018.624,2340.576
2/19/2024 12:00,15.05400304,1.657870911,5572.8,2167.2
2/19/2024 18:00,17.14320395,2.497958377,5572.8,2167.2
2/20/2024 0:00,17.62776969,0,5572.8,2167.2
2/20/2024 6:00,14.39181887,0.696961643,6018.624,2340.576
2/20/2024 12:00,13.68803552,1.892236504,6018.624,2340.576
2/20/2024 18:00,19.65376557,2.491863164,5572.8,2167.2
2/21/2024 0:00,18.74745979,0,5572.8,2167.2
2/21/2024 6:00,13.69300981,0.720758861,6018.624,2340.576
2/21/2024 12:00,13.23078992,1.790839136,6018.624,2340.576
2/21/2024 18:00,19.30618058,2.441135852,5572.8,2167.2
2/22/2024 0:00,17.5925663,0,5572.8,2167.2
2/22/2024 6:00,14.40769466,0.729244197,6018.624,2340.576
2/22/2024 12:00,15.53533271,2.021593128,5572.8,2167.2
2/22/2024 18:00,19.1067242,2.286283216,5572.8,2167.2
2/23/2024 0:00,16.95242334,0,5572.8,2167.2
2/23/2024 6:00,13.73501945,0.654694039,6018.624,2340.576
2/23/2024 12:00,13.1998418,2.202815738,6018.624,2340.576
2/23/2024 18:00,17.36773152,1.957202522,5572.8,2167.2
2/24/2024 0:00,17.58830257,0,5572.8,2167.2
2/24/2024 6:00,13.67054535,0.586614647,6018.624,2340.576
2/24/2024 12:00,15.129474,1.70332501,5572.8,2167.2
2/24/2024 18:00,17.20428736,2.305728115,5572.8,2167.2
2/25/2024 0:00,17.88765685,0,5572.8,2167.2
2/25/2024 6:00,14.34724774,0.490535586,6018.624,2340.576
2/25/2024 12:00,13.6112328,1.853112858,6018.624,2340.576
2/25/2024 18:00,18.50732055,2.110820516,5572.8,2167.2
2/26/2024 0:00,16.20428082,0,5572.8,2167.2
2/26/2024 6:00,14.62567352,0.668594689,6018.624,2340.576
2/26/2024 12:00,14.55575836,1.792926505,6018.624,2340.576
2/26/2024 18:00,17.30703346,2.644495532,5572.8,2167.2
2/27/2024 0:00,18.08939929,0,5572.8,2167.2
2/27/2024 6:00,12.84861775,0.59701052,6018.624,2340.576
2/27/2024 12:00,13.9270298,1.814403461,6018.624,2340.576
2/27/2024 18:00,19.72102202,2.417471459,5572.8,2167.2
2/28/2024 0:00,18.49420404,0,5572.8,2167.2
2/28/2024 6:00,12.78861215,0.650466705,6018.624,2340.576
2/28/2024 12:00,15.63321101,1.72930258,5572.8,2167.2
2/28/2024 18:00,19.83298097,2.687502473,5572.8,2167.2
2/29/2024 0:00,16.14240536,0,5572.8,2167.2
2/29/2024 6:00,13.58891735,0.559836491,6018.624,2340.576
2/29/2024 12:00,14.82950595,1.902593676,6018.624,2340.576
2/29/2024 18:00,18.54815975,2.565331431,5572.8,2167.2
3/1/2024 0:00,19.64817004,0,5572.8,2167.2
3/1/2024 6:00,16.42349189,0.670087658,5572.8,2167.2
3/1/2024 12:00,18.94123302,1.813550183,5572.8,2167.2
3/1/2024 18:00,22.21196779,2.349462357,5572.8,2167.2
3/2/2024 0:00,21.6579482,0,5572.8,2167.2
3/2/2024 6:00,15.2837784,0.804348316,5572.8,2167.2
3/2/2024 12:00,17.96438518,1.840503403,5572.8,2167.2
3/2/2024 18:00,21.4921977,2.718828824,5572.8,2167.2
3/3/2024 0:00,20.27957845,0,5572.8,2167.2
3/3/2024 6:00,15.81240656,0.16245072,5572.8,2167.2
3/3/2024 12:00,17.25266848,1.853660282,5572.8,2167.2
3/3/2024 18:00,21.22617518,2.554682934,5572.8,2167.2
3/4/2024 0:00,19.4793654,0,5572.8,2167.2
3/4/2024 6:00,17.72549583,0.609104587,5572.8,2167.2
3/4/2024 12:00,16.31973448,1.951708267,5572.8,2167.2
3/4/2024 18:00,22.82472146,2.355881859,5572.8,2167.2
3/5/2024 0:00,21.01260617,0,5572.8,2167.2
3/5/2024 6:00,17.43796474,0.593140135,5572.8,2167.2
3/5/2024 12:00,18.66898709,1.788968753,5572.8,2167.2
3/5/2024 18:00,22.82747936,2.411809413,5572.8,2167.2
3/6/2024 0:00,21.17116473,0,5572.8,2167.2
3/6/2024 6:00,16.69030155,0.473940988,5572.8,2167.2
3/6/2024 12:00,17.03921299,1.860734613,5572.8,2167.2
3/6/2024 18:00,20.21863342,2.781196935,5572.8,2167.2
3/7/2024 0:00,20.82098864,0,5572.8,2167.2
3/7/2024 6:00,15.75328878,0.425791467,5572.8,2167.2
3/7/2024 12:00,18.32284518,1.932210078,5572.8,2167.2
3/7/2024 18:00,20.2168723,2.466290678,5572.8,2167.2
3/8/2024 0:00,21.85119207,0,5572.8,2167.2
3/8/2024 6:00,15.63193909,0.642498004,5572.8,2167.2
3/8/2024 12:00,16.93083649,1.796765068,5572.8,2167.2
3/8/2024 18:00,22.70530621,2.727967252,5572.8,2167.2
3/9/2024 0:00,20.66741649,0,5572.8,2167.2
3/9/2024 6:00,17.01287929,0.720512057,5572.8,2167.2
3/9/2024 12:00,18.85423328,1.58795367,5572.8,2167.2
3/9/2024 18:00,21.54272074,2.500267817,5572.8,2167.2
3/10/2024 0:00,20.76733113,0,5572.8,2167.2
3/10/2024 6:00,14.92968068,0.752434703,6018.624,2340.576
3/10/2024 12:00,18.83460918,1.86922158,5572.8,2167.2
3/10/2024 18:00,21.35210805,2.431772964,5572.8,2167.2
3/11/2024 0:00,19.39072382,0,5572.8,2167.2
3/11/2024 6:00,15.45863341,0.906832413,5572.8,2167.2
3/11/2024 12:00,18.79144491,2.125412922,5572.8,2167.2
3/11/2024 18:00,20.91590882,2.283354829,5572.8,2167.2
3/12/2024 0:00,21.89912515,0,5572.8,2167.2
3/12/2024 6:00,15.23984958,0.564657691,5572.8,2167.2
3/12/2024 12:00,18.34607724,1.797050211,5572.8,2167.2
3/12/2024 18:00,21.44860102,2.348273401,5572.8,2167.2
3/13/2024 0:00,20.61234259,0,5572.8,2167.2
3/13/2024 6:00,15.33714091,0.487547292,5572.8,2167.2
3/13/2024 12:00,17.96253203,1.748235265,5572.8,2167.2
3/13/2024 18:00,23.06444302,2.391103607,5572.8,2167.2
3/14/2024 0:00,20.19679617,0,5572.8,2167.2
3/14/2024 6:00,16.63417106,0.726481473,5572.8,2167.2
3/14/2024 12:00,18.80643991,2.185040669,5572.8,2167.2
3/14/2024 18:00,20.89525033,2.399180061,5572.8,2167.2
3/15/2024 0:00,19.05876272,0,5572.8,2167.2
3/15/2024 6:00,15.76425405,0.886756717,5572.8,2167.2
3/15/2024 12:00,16.37253768,1.801353297,5572.8,2167.2
3/15/2024 18:00,20.71318987,2.624501295,5572.8,2167.2
3/16/2024 0:00,20.11316292,0,5572.8,2167.2
3/16/2024 6:00,15.00453525,0.925328996,5572.8,2167.2
3/16/2024 12:00,18.70218909,1.880230829,5572.8,2167.2
3/16/2024 18:00,20.70227909,2.507831823,5572.8,2167.2
3/17/2024 0:00,19.85342092,0,5572.8,2167.2
3/17/2024 6:00,17.71564695,0.836021878,5572.8,2167.2
3/17/2024 12:00,16.12418618,1.794933249,5572.8,2167.2
3/17/2024 18:00,22.96066415,2.602760941,5572.8,2167.2
3/18/2024 0:00,19.92041884,0,5572.8,2167.2
3/18/2024 6:00,15.30430223,0.612671905,5572.8,2167.2
3/18/2024 12:00,16.91444598,1.900948998,5572.8,2167.2
3/18/2024 18:00,22.66825919,2.62606067,5572.8,2167.2
3/19/2024 0:00,20.25403846,0,5572.8,2167.2
3/19/2024 6:00,16.40101832,0.704903765,5572.8,2167.2
3/19/2024 12:00,16.86789697,1.942160676,5572.8,2167.2
3/19/2024 18:00,22.10056641,2.593704239,5572.8,2167.2
3/20/2024 0:00,20.39580103,0,5572.8,2167.2
3/20/2024 6:00,17.60172325,0.880792504,5572.8,2167.2
3/20/2024 12:00,16.54424647,1.779278243,5572.8,2167.2
3/20/2024 18:00,22.746473,2.180551266,5572.8,2167.2
3/21/2024 0:00,19.53281682,0,5572.8,2167.2
3/21/2024 6:00,17.32063169,0.67069898,5572.8,2167.2
3/21/2024 12:00,16.75387174,2.142078991,5572.8,2167.2
3/21/2024 18:00,20.53509531,2.367264809,5572.8,2167.2
3/22/2024 0:00,20.53999475,0,5572.8,2167.2
3/22/2024 6:00,15.52777666,0.567457587,5572.8,2167.2
3/22/2024 12:00,17.41036763,1.893632915,5572.8,2167.2
3/22/2024 18:00,21.1800197,2.752468135,5572.8,2167.2
3/23/2024 0:00,20.54867322,0,5572.8,2167.2
3/23/2024 6:00,16.24401634,0.826781441,5572.8,2167.2
3/23/2024 12:00,18.01402626,1.702615645,5572.8,2167.2
3/23/2024 18:00,20.70516126,2.392588311,5572.8,2167.2
3/24/2024 0:00,19.31504861,0,5572.8,2167.2
3/24/2024 6:00,16.60392251,0.490960935,5572.8,2167.2
3/24/2024 12:00,16.58775947,1.780533078,5572.8,2167.2
3/24/2024 18:00,20.24105949,2.247821225,5572.8,2167.2
3/25/2024 0:00,21.21639646,0,5572.8,2167.2
3/25/2024 6:00,16.38848381,0.53313311,5572.8,2167.2
3/25/2024 12:00,16.85169,1.762816128,5572.8,2167.2
3/25/2024 18:00,21.42874811,2.893261561,5572.8,2167.2
3/26/2024 0:00,20.23217419,0,5572.8,2167.2
3/26/2024 6:00,16.81383731,0.574518514,5572.8,2167.2
3/26/2024 12:00,17.52503054,1.94272635,5572.8,2167.2
3/26/2024 18:00,20.44872891,2.656099313,5572.8,2167.2
3/27/2024 0:00,21.24008901,0,5572.8,2167.2
3/27/2024 6:00,15.873838,0.883752195,5572.8,2167.2
3/27/2024 12:00,18.24602682,1.695683224,5572.8,2167.2
3/27/2024 18:00,22.54780141,2.510560565,5572.8,2167.2
3/28/2024 0:00,20.74181098,0,5572.8,2167.2
3/28/2024 6:00,14.97586175,0.761075175,6018.624,2340.576
3/28/2024 12:00,16.62724209,2.027668718,5572.8,2167.2
3/28/2024 18:00,22.29915411,2.578633237,5572.8,2167.2
3/29/2024 0:00,21.90418097,0,5572.8,2167.2
3/29/2024 6:00,15.57265295,0.98886822,5572.8,2167.2
3/29/2024 12:00,17.47183685,2.024416099,5572.8,2167.2
3/29/2024 18:00,21.11862838,2.34368089,5572.8,2167.2
3/30/2024 0:00,20.23117223,0,5572.8,2167.2
3/30/2024 6:00,16.21289571,0.897646605,5572.8,2167.2
3/30/2024 12:00,17.18803887,1.857594661,5572.8,2167.2
3/30/2024 18:00,23.05035795,2.185977442,5572.8,2167.2
3/31/2024 0:00,19.00055733,0,5572.8,2167.2
3/31/2024 6:00,17.8715105,0.612303118,5572.8,2167.2
3/31/2024 12:00,17.44585485,1.64583322,5572.8,2167.2
3/31/2024 18:00,21.64597024,2.255399072,5572.8,2167.2
4/1/2024 0:00,23.17115195,0,5572.8,2167.2
4/1/2024 6:00,17.9103656,0.745199521,5572.8,2167.2
4/1/2024 12:00,20.94486258,1.871455892,5572.8,2167.2
4/1/2024 18:00,24.12013136,2.767955859,5572.8,2167.2
4/2/2024 0:00,23.19761335,0,5572.8,2167.2
4/2/2024 6:00,20.53202394,0.766619479,5572.8,2167.2
4/2/2024 12:00,19.85012484,1.936962608,5572.8,2167.2
4/2/2024 18:00,25.61156467,3.002176171,5572.8,2167.2
4/3/2024 0:00,22.97338781,0,5572.8,2167.2
4/3/2024 6:00,19.95623618,0.855143924,5572.8,2167.2
4/3/2024 12:00,19.77027728,1.768076143,5572.8,2167.2
4/3/2024 18:00,24.8897873,2.700621866,5572.8,2167.2
4/4/2024 0:00,22.47603092,0,5572.8,2167.2
4/4/2024 6:00,19.89704852,0.8531321,5572.8,2167.2
4/4/2024 12:00,20.59457444,2.191573082,5572.8,2167.2
4/4/2024 18:00,23.99177062,2.630635152,5572.8,2167.2
4/5/2024 0:00,22.82131112,0,5572.8,2167.2
4/5/2024 6:00,18.24754386,0.506750944,5572.8,2167.2
4/5/2024 12:00,20.5845087,2.148997198,5572.8,2167.2
4/5/2024 18:00,23.61076768,2.380583451,5572.8,2167.2
4/6/2024 0:00,22.94574312,0,5572.8,2167.2
4/6/2024 6:00,18.33028426,0.512336274,5572.8,2167.2
4/6/2024 12:00,21.91335329,2.344166263,5572.8,2167.2
4/6/2024 18:00,24.14727539,2.860389459,5572.8,2167.2
4/7/2024 0:00,24.57116376,0,5572.8,2167.2
4/7/2024 6:00,20.29833261,0.604714513,5572.8,2167.2
4/7/2024 12:00,21.62339966,1.76952878,5572.8,2167.2
4/7/2024 18:00,25.19822559,2.429576594,5572.8,2167.2
4/8/2024 0:00,22.24048255,0,5572.8,2167.2
4/8/2024 6:00,20.17220254,0.582516271,5572.8,2167.2
4/8/2024 12:00,19.12606341,1.706572002,5572.8,2167.2
4/8/2024 18:00,23.12933893,2.342650964,5572.8,2167.2
4/9/2024 0:00,24.11314671,0,5572.8,2167.2
4/9/2024 6:00,18.52228379,0.495536483,5572.8,2167.2
4/9/2024 12:00,21.85522986,1.926763322,5572.8,2167.2
4/9/2024 18:00,25.6518476,2.899659386,5572.8,2167.2
4/10/2024 0:00,24.14830963,0,5572.8,2167.2
4/10/2024 6:00,18.07315919,0.713695403,5572.8,2167.2
4/10/2024 12:00,21.85565198,1.710220439,5572.8,2167.2
4/10/2024 18:00,23.25446222,2.304453157,5572.8,2167.2
4/11/2024 0:00,24.14200276,0,5572.8,2167.2
4/11/2024 6:00,20.89365841,0.861865539,5572.8,2167.2
4/11/2024 12:00,20.78407162,2.27266583,5572.8,2167.2
4/11/2024 18:00,24.09500908,2.374526326,5572.8,2167.2
4/12/2024 0:00,24.79824855,0,5572.8,2167.2
4/12/2024 6:00,20.74066757,0.782662144,5572.8,2167.2
4/12/2024 12:00,20.00223286,2.032554196,5572.8,2167.2
4/12/2024 18:00,24.21290574,2.11658404,5572.8,2167.2
4/13/2024 0:00,23.62905086,0,5572.8,2167.2
4/13/2024 6:00,19.71425668,0.695620835,5572.8,2167.2
4/13/2024 12:00,19.51890738,1.730852823,5572.8,2167.2
4/13/2024 18:00,23.76454141,2.254171184,5572.8,2167.2
4/14/2024 0:00,22.14651302,0,5572.8,2167.2
4/14/2024 6:00,19.53907225,0.622385665,5572.8,2167.2
4/14/2024 12:00,19.34993158,1.811169349,5572.8,2167.2
4/14/2024 18:00,25.64834629,2.552282683,5572.8,2167.2
4/15/2024 0:00,23.94711272,0,5572.8,2167.2
4/15/2024 6:00,20.51315434,0.749282176,5572.8,2167.2
4/15/2024 12:00,19.76651743,2.176787267,5572.8,2167.2
4/15/2024 18:00,25.36330241,2.573204603,5572.8,2167.2
4/16/2024 0:00,22.00938272,0,5572.8,2167.2
4/16/2024 6:00,18.83050327,0.679302283,5572.8,2167.2
4/16/2024 12:00,21.43168031,2.037059489,5572.8,2167.2
4/16/2024 18:00,24.69577662,2.852383839,5572.8,2167.2
4/17/2024 0:00,22.99577266,0,5572.8,2167.2
4/17/2024 6:00,20.39828291,0.421986819,5572.8,2167.2
4/17/2024 12:00,19.72544068,1.774829891,5572.8,2167.2
4/17/2024 18:00,23.81150155,2.332916541,5572.8,2167.2
4/18/2024 0:00,24.67341217,0,5572.8,2167.2
4/18/2024 6:00,19.26481791,1.038435905,5572.8,2167.2
4/18/2024 12:00,21.03197268,2.146743415,5572.8,2167.2
4/18/2024 18:00,25.89117169,2.590786456,5572.8,2167.2
4/19/2024 0:00,22.9291306,0,5572.8,2167.2
4/19/2024 6:00,19.01251953,0.781788961,5572.8,2167.2
4/19/2024 12:00,19.42579155,1.721612852,5572.8,2167.2
4/19/2024 18:00,23.97127047,2.539195896,5572.8,2167.2
4/20/2024 0:00,22.34264842,0,5572.8,2167.2
4/20/2024 6:00,19.23235655,0.942466544,5572.8,2167.2
4/20/2024 12:00,21.67030907,2.140781716,5572.8,2167.2
4/20/2024 18:00,23.55556087,2.892171704,5572.8,2167.2
4/21/2024 0:00,24.1561838,0,5572.8,2167.2
4/21/2024 6:00,18.27834873,0.547333139,5572.8,2167.2
4/21/2024 12:00,21.24087852,2.021593109,5572.8,2167.2
4/21/2024 18:00,23.86688397,2.117904022,5572.8,2167.2
4/22/2024 0:00,22.6285659,0,5572.8,2167.2
4/22/2024 6:00,19.09729071,0.852957777,5572.8,2167.2
4/22/2024 12:00,20.14965748,2.201591421,5572.8,2167.2
4/22/2024 18:00,24.372253,2.336893461,5572.8,2167.2
4/23/2024 0:00,23.02304948,0,5572.8,2167.2
4/23/2024 6:00,19.76737578,0.756986886,5572.8,2167.2
4/23/2024 12:00,19.81640633,2.232795934,5572.8,2167.2
4/23/2024 18:00,25.29921587,2.687405272,5572.8,2167.2
4/24/2024 0:00,23.02739425,0,5572.8,2167.2
4/24/2024 6:00,18.85986243,0.545327233,5572.8,2167.2
4/24/2024 12:00,21.54312732,2.154692401,5572.8,2167.2
4/24/2024 18:00,25.95595532,2.733517268,5572.8,2167.2
4/25/2024 0:00,22.73007832,0,5572.8,2167.2
4/25/2024 6:00,20.23471998,0.393654614,5572.8,2167.2
4/25/2024 12:00,19.67242645,1.667805922,5572.8,2167.2
4/25/2024 18:00,25.84629348,2.519987422,5572.8,2167.2
4/26/2024 0:00,23.94577142,0,5572.8,2167.2
4/26/2024 6:00,19.77988785,0.765683023,5572.8,2167.2
4/26/2024 12:00,19.94116682,1.96885569,5572.8,2167.2
4/26/2024 18:00,24.64755446,2.38555585,5572.8,2167.2
4/27/2024 0:00,23.63358149,0,5572.8,2167.2
4/27/2024 6:00,18.1590927,0.830713662,5572.8,2167.2
4/27/2024 12:00,20.00129465,1.877917876,5572.8,2167.2
4/27/2024 18:00,25.5002334,2.643643824,5572.8,2167.2
4/28/2024 0:00,24.68260092,0,5572.8,2167.2
4/28/2024 6:00,20.80342913,0.668373654,5572.8,2167.2
4/28/2024 12:00,20.19472479,2.007050344,5572.8,2167.2
4/28/2024 18:00,24.41811748,2.129569146,5572.8,2167.2
4/29/2024 0:00,24.61782021,0,5572.8,2167.2
4/29/2024 6:00,19.13215337,0.658510054,5572.8,2167.2
4/29/2024 12:00,20.25273645,1.97540177,5572.8,2167.2
4/29/2024 18:00,26.0889635,2.485863785,5572.8,2167.2
4/30/2024 0:00,24.18010999,0,5572.8,2167.2
4/30/2024 6:00,18.70417439,0.618373756,5572.8,2167.2
4/30/2024 12:00,21.07184523,2.029817418,5572.8,2167.2
4/30/2024 18:00,25.33587013,2.686583603,5572.8,2167.2
5/1/2024 0:00,25.6573515,0,5572.8,2167.2
5/1/2024 6:00,20.42623144,0.800002778,5572.8,2167.2
5/1/2024 12:00,23.92605676,1.928811235,5572.8,2167.2
5/1/2024 18:00,25.73351281,2.307174911,5572.8,2167.2
5/2/2024 0:00,25.27896601,0,5572.8,2167.2
5/2/2024 6:00,20.84744006,0.847649986,5572.8,2167.2
5/2/2024 12:00,22.11599881,2.185118944,5572.8,2167.2
5/2/2024 18:00,26.74884257,2.349357767,5572.8,2167.2
5/3/2024 0:00,25.81029688,0,5572.8,2167.2
5/3/2024 6:00,22.13245264,0.854559858,5572.8,2167.2
5/3/2024 12:00,23.90935949,1.971240544,5572.8,2167.2
5/3/2024 18:00,25.40101301,2.743179915,5572.8,2167.2
5/4/2024 0:00,25.20375442,0,5572.8,2167.2
5/4/2024 6:00,20.2076139,0.927382904,5572.8,2167.2
5/4/2024 12:00,21.81071461,2.057712423,5572.8,2167.2
5/4/2024 18:00,26.69780276,2.266545654,5572.8,2167.2
5/5/2024 0:00,24.41605057,0,5572.8,2167.2
5/5/2024 6:00,22.96197996,0.620659698,5572.8,2167.2
5/5/2024 12:00,23.21589277,1.949668751,5572.8,2167.2
5/5/2024 18:00,28.08314918,2.173786584,6241.536,2427.264
5/6/2024 0:00,26.9538188,0,5572.8,2167.2
5/6/2024 6:00,21.91515569,0.685982586,5572.8,2167.2
5/6/2024 12:00,23.32574067,1.95861507,5572.8,2167.2
5/6/2024 18:00,27.29181015,2.77642118,6241.536,2427.264
5/7/2024 0:00,25.27558079,0,5572.8,2167.2
5/7/2024 6:00,22.34204145,0.639943613,5572.8,2167.2
5/7/2024 12:00,23.28022735,2.007585279,5572.8,2167.2
5/7/2024 18:00,25.88519246,2.659421056,5572.8,2167.2
5/8/2024 0:00,27.11209319,0,6241.536,2427.264
5/8/2024 6:00,22.36752628,0.984474601,5572.8,2167.2
5/8/2024 12:00,21.82237919,2.081944868,5572.8,2167.2
5/8/2024 18:00,26.68832944,2.894853278,5572.8,2167.2
5/9/2024 0:00,25.65471099,0,5572.8,2167.2
5/9/2024 6:00,22.76537696,0.90704564,5572.8,2167.2
5/9/2024 12:00,23.54277968,1.704657466,5572.8,2167.2
5/9/2024 18:00,27.51854994,2.858815087,6241.536,2427.264
5/10/2024 0:00,26.37891913,0,5572.8,2167.2
5/10/2024 6:00,20.80049808,0.883389025,5572.8,2167.2
5/10/2024 12:00,22.66182325,1.691334438,5572.8,2167.2
5/10/2024 18:00,28.23811925,2.650876958,6241.536,2427.264
5/11/2024 0:00,26.19859533,0,5572.8,2167.2
5/11/2024 6:00,22.10016595,0.510036543,5572.8,2167.2
5/11/2024 12:00,23.7255702,1.813518588,5572.8,2167.2
5/11/2024 18:00,25.5275093,2.321525192,5572.8,2167.2
5/12/2024 0:00,25.36081319,0,5572.8,2167.2
5/12/2024 6:00,20.81113855,0.808450649,5572.8,2167.2
5/12/2024 12:00,23.2345265,2.072810859,5572.8,2167.2
5/12/2024 18:00,28.19020845,2.698209815,6241.536,2427.264
5/13/2024 0:00,25.66026687,0,5572.8,2167.2
5/13/2024 6:00,22.19613485,0.696594893,5572.8,2167.2
5/13/2024 12:00,23.2590853,1.986927508,5572.8,2167.2
5/13/2024 18:00,28.06172697,2.6500157,6241.536,2427.264
5/14/2024 0:00,26.65756096,0,5572.8,2167.2
5/14/2024 6:00,20.96589755,0.751971689,5572.8,2167.2
5/14/2024 12:00,23.27535699,2.137086718,5572.8,2167.2
5/14/2024 18:00,27.74322794,2.696577718,6241.536,2427.264
5/15/2024 0:00,25.5453327,0,5572.8,2167.2
5/15/2024 6:00,22.65154639,0.648302838,5572.8,2167.2
5/15/2024 12:00,21.30028106,2.084453833,5572.8,2167.2
5/15/2024 18:00,26.9016358,2.53824261,5572.8,2167.2
5/16/2024 0:00,24.91226862,0,5572.8,2167.2
5/16/2024 6:00,22.14438127,0.861387489,5572.8,2167.2
5/16/2024 12:00,22.9551523,2.063927268,5572.8,2167.2
5/16/2024 18:00,26.76620284,2.628801237,5572.8,2167.2
5/17/2024 0:00,25.69565408,0,5572.8,2167.2
5/17/2024 6:00,20.30973167,0.360645056,5572.8,2167.2
5/17/2024 12:00,23.82072104,1.993866481,5572.8,2167.2
5/17/2024 18:00,26.20149101,3.03503354,5572.8,2167.2
5/18/2024 0:00,25.72680826,0,5572.8,2167.2
5/18/2024 6:00,22.26614739,0.638076002,5572.8,2167.2
5/18/2024 12:00,23.95536592,1.833264491,5572.8,2167.2
5/18/2024 18:00,26.99102813,2.470888738,5572.8,2167.2
5/19/2024 0:00,25.36780593,0,5572.8,2167.2
5/19/2024 6:00,22.28082061,0.665005773,5572.8,2167.2
5/19/2024 12:00,22.47880351,2.254724868,5572.8,2167.2
5/19/2024 18:00,26.791632,2.779631226,5572.8,2167.2
5/20/2024 0:00,24.50305103,0,5572.8,2167.2
5/20/2024 6:00,21.03383264,0.706514128,5572.8,2167.2
5/20/2024 12:00,23.60267279,1.76725548,5572.8,2167.2
5/20/2024 18:00,27.034009,2.755230168,6241.536,2427.264
5/21/2024 0:00,24.73155576,0,5572.8,2167.2
5/21/2024 6:00,21.21538619,0.967307592,5572.8,2167.2
5/21/2024 12:00,22.32988663,1.872476375,5572.8,2167.2
5/21/2024 18:00,27.60002346,2.405715682,6241.536,2427.264
5/22/2024 0:00,26.99615805,0,5572.8,2167.2
5/22/2024 6:00,20.61656678,0.609963975,5572.8,2167.2
5/22/2024 12:00,23.39780462,2.081009889,5572.8,2167.2
5/22/2024 18:00,26.07954146,2.445816329,5572.8,2167.2
5/23/2024 0:00,25.62624947,0,5572.8,2167.2
5/23/2024 6:00,22.63421593,0.81715567,5572.8,2167.2
5/23/2024 12:00,23.86126899,1.873832425,5572.8,2167.2
5/23/2024 18:00,26.17644944,2.679031902,5572.8,2167.2
5/24/2024 0:00,24.69702553,0,5572.8,2167.2
5/24/2024 6:00,22.71262508,0.59750228,5572.8,2167.2
5/24/2024 12:00,23.8331846,1.864983897,5572.8,2167.2
5/24/2024 18:00,25.93720957,2.681154693,5572.8,2167.2
5/25/2024 0:00,25.61540038,0,5572.8,2167.2
5/25/2024 6:00,21.66497794,0.777388456,5572.8,2167.2
5/25/2024 12:00,23.11663655,1.930169069,5572.8,2167.2
5/25/2024 18:00,26.63333881,2.583858861,5572.8,2167.2
5/26/2024 0:00,26.22522239,0,5572.8,2167.2
5/26/2024 6:00,21.30349364,0.74191721,5572.8,2167.2
5/26/2024 12:00,22.91128595,2.144121627,5572.8,2167.2
5/26/2024 18:00,25.33346164,2.402955878,5572.8,2167.2
5/27/2024 0:00,24.32214264,0,5572.8,2167.2
5/27/2024 6:00,20.95916083,0.53449447,5572.8,2167.2
5/27/2024 12:00,21.91106988,2.032343108,5572.8,2167.2
5/27/2024 18:00,27.65143622,2.708768139,6241.536,2427.264
5/28/2024 0:00,25.76721932,0,5572.8,2167.2
5/28/2024 6:00,23.04837701,0.800434383,5572.8,2167.2
5/28/2024 12:00,24.10532259,1.941099438,5572.8,2167.2
5/28/2024 18:00,26.88914811,2.249847573,5572.8,2167.2
5/29/2024 0:00,25.8930875,0,5572.8,2167.2
5/29/2024 6:00,21.64629778,0.786885695,5572.8,2167.2
5/29/2024 12:00,23.32079494,1.899246125,5572.8,2167.2
5/29/2024 18:00,27.85542626,2.80841594,6241.536,2427.264
5/30/2024 0:00,25.24762819,0,5572.8,2167.2
5/30/2024 6:00,21.14672784,0.85858913,5572.8,2167.2
5/30/2024 12:00,21.97356688,1.911269216,5572.8,2167.2
5/30/2024 18:00,26.14430933,2.653080843,5572.8,2167.2
5/31/2024 0:00,26.56850341,0,5572.8,2167.2
5/31/2024 6:00,21.36672554,0.547338322,5572.8,2167.2
5/31/2024 12:00,22.61117886,1.681522937,5572.8,2167.2
5/31/2024 18:00,27.19759769,2.412100614,6241.536,2427.264
6/1/2024 0:00,25.04079474,0,5572.8,2167.2
6/1/2024 6:00,22.62091248,0.805357464,5572.8,2167.2
6/1/2024 12:00,22.78263558,2.017592638,5572.8,2167.2
6/1/2024 18:00,27.13492012,2.921229595,6241.536,2427.264
6/2/2024 0:00,26.89607625,0,5572.8,2167.2
6/2/2024 6:00,23.0355091,0.902254406,5572.8,2167.2
6/2/2024 12:00,23.32530937,2.090019613,5572.8,2167.2
6/2/2024 18:00,28.66236419,2.468839106,6241.536,2427.264
6/3/2024 0:00,27.06593087,0,6241.536,2427.264
6/3/2024 6:00,21.36545656,0.661597173,5572.8,2167.2
6/3/2024 12:00,23.53537301,2.168742081,5572.8,2167.2
6/3/2024 18:00,26.1361787,2.446907614,5572.8,2167.2
6/4/2024 0:00,27.61474146,0,6241.536,2427.264
6/4/2024 6:00,22.10944852,0.837447828,5572.8,2167.2
6/4/2024 12:00,22.77334462,2.05891713,5572.8,2167.2
6/4/2024 18:00,26.84250436,2.557917032,5572.8,2167.2
6/5/2024 0:00,27.60881765,0,6241.536,2427.264
6/5/2024 6:00,22.02999785,0.442091285,5572.8,2167.2
6/5/2024 12:00,22.47119903,1.816180777,5572.8,2167.2
6/5/2024 18:00,28.67138138,2.413600852,6241.536,2427.264
6/6/2024 0:00,26.95053301,0,5572.8,2167.2
6/6/2024 6:00,23.88839621,0.896208479,5572.8,2167.2
6/6/2024 12:00,22.3964964,2.138990383,5572.8,2167.2
6/6/2024 18:00,28.74086689,2.806866379,6241.536,2427.264
6/7/2024 0:00,25.47484929,0,5572.8,2167.2
6/7/2024 6:00,23.84562402,1.089792275,5572.8,2167.2
6/7/2024 12:00,23.76229846,1.863889263,5572.8,2167.2
6/7/2024 18:00,28.77833087,2.987764076,6241.536,2427.264
6/8/2024 0:00,27.37828124,0,6241.536,2427.264
6/8/2024 6:00,21.11914662,0.82976518,5572.8,2167.2
6/8/2024 12:00,22.98197807,1.70565974,5572.8,2167.2
6/8/2024 18:00,26.17150394,2.797774332,5572.8,2167.2
6/9/2024 0:00,25.38209517,0,5572.8,2167.2
6/9/2024 6:00,20.96293744,0.725058036,5572.8,2167.2
6/9/2024 12:00,23.33682269,1.873554724,5572.8,2167.2
6/9/2024 18:00,28.68397268,2.345420427,6241.536,2427.264
6/10/2024 0:00,26.06769572,0,5572.8,2167.2
6/10/2024 6:00,20.99383921,0.689843792,5572.8,2167.2
6/10/2024 12:00,24.95220198,1.98981084,5572.8,2167.2
6/10/2024 18:00,27.87207915,2.58250397,6241.536,2427.264
6/11/2024 0:00,26.14506963,0,5572.8,2167.2
6/11/2024 6:00,23.70598904,0.894850906,5572.8,2167.2
6/11/2024 12:00,22.92423534,2.457971516,5572.8,2167.2
6/11/2024 18:00,26.48070514,2.515769057,5572.8,2167.2
6/12/2024 0:00,26.01650055,0,5572.8,2167.2
6/12/2024 6:00,23.38367095,0.990786187,5572.8,2167.2
6/12/2024 12:00,22.07103751,2.015913081,5572.8,2167.2
6/12/2024 18:00,27.16672373,3.07260489,6241.536,2427.264
6/13/2024 0:00,27.8927228,0,6241.536,2427.264
6/13/2024 6:00,21.42267768,0.979051978,5572.8,2167.2
6/13/2024 12:00,22.4005984,2.32166398,5572.8,2167.2
6/13/2024 18:00,28.63518834,2.717938906,6241.536,2427.264
6/14/2024 0:00,26.28603049,0,5572.8,2167.2
6/14/2024 6:00,23.52250575,0.696141991,5572.8,2167.2
6/14/2024 12:00,24.23709061,1.965882402,5572.8,2167.2
6/14/2024 18:00,28.9300129,2.487838279,6241.536,2427.264
6/15/2024 0:00,26.59208231,0,5572.8,2167.2
6/15/2024 6:00,22.88805387,0.473254603,5572.8,2167.2
6/15/2024 12:00,24.80486805,2.287399801,5572.8,2167.2
6/15/2024 18:00,28.06449916,3.414746316,6241.536,2427.264
6/16/2024 0:00,26.41674178,0,5572.8,2167.2
6/16/2024 6:00,21.02592424,0.757842306,5572.8,2167.2
6/16/2024 12:00,24.033225,2.115814463,5572.8,2167.2
6/16/2024 18:00,26.76136507,2.974857456,5572.8,2167.2
6/17/2024 0:00,25.93523495,0,5572.8,2167.2
6/17/2024 6:00,21.15030796,0.727975914,5572.8,2167.2
6/17/2024 12:00,24.56106889,1.793988025,5572.8,2167.2
6/17/2024 18:00,27.19329756,2.891301546,6241.536,2427.264
6/18/2024 0:00,26.47417638,0,5572.8,2167.2
6/18/2024 6:00,21.19775036,1.116901015,5572.8,2167.2
6/18/2024 12:00,22.54722185,2.104166698,5572.8,2167.2
6/18/2024 18:00,27.05857172,2.837261631,6241.536,2427.264
6/19/2024 0:00,25.44011731,0,5572.8,2167.2
6/19/2024 6:00,21.98987277,0.816267616,5572.8,2167.2
6/19/2024 12:00,24.67230226,2.286868179,5572.8,2167.2
6/19/2024 18:00,26.71725923,2.376100021,5572.8,2167.2
6/20/2024 0:00,27.97253683,0,6241.536,2427.264
6/20/2024 6:00,20.96924962,1.052636181,5572.8,2167.2
6/20/2024 12:00,23.19809833,2.210959759,5572.8,2167.2
6/20/2024 18:00,28.54389439,3.178408685,6241.536,2427.264
6/21/2024 0:00,27.10368859,0,6241.536,2427.264
6/21/2024 6:00,22.05722888,0.823467362,5572.8,2167.2
6/21/2024 12:00,23.67486541,2.337450994,5572.8,2167.2
6/21/2024 18:00,29.00130248,2.820928299,6241.536,2427.264
6/22/2024 0:00,26.77086294,0,5572.8,2167.2
6/22/2024 6:00,22.70696257,0.742317019,5572.8,2167.2
6/22/2024 12:00,24.52709708,2.354661667,5572.8,2167.2
6/22/2024 18:00,28.37218558,2.683766401,6241.536,2427.264
6/23/2024 0:00,27.96913883,0,6241.536,2427.264
6/23/2024 6:00,22.54291658,0.82601836,5572.8,2167.2
6/23/2024 12:00,22.97577315,2.00036468,5572.8,2167.2
6/23/2024 18:00,27.0367172,2.799483336,6241.536,2427.264
6/24/2024 0:00,25.19111915,0,5572.8,2167.2
6/24/2024 6:00,21.96372841,0.5137524,5572.8,2167.2
6/24/2024 12:00,23.39962139,2.031286751,5572.8,2167.2
6/24/2024 18:00,28.39431279,2.670622183,6241.536,2427.264
6/25/2024 0:00,27.12064204,0,6241.536,2427.264
6/25/2024 6:00,23.50801951,0.726095122,5572.8,2167.2
6/25/2024 12:00,23.47243316,2.484552565,5572.8,2167.2
6/25/2024 18:00,27.9800596,2.642308496,6241.536,2427.264
6/26/2024 0:00,25.50380572,0,5572.8,2167.2
6/26/2024 6:00,23.14132239,1.000565128,5572.8,2167.2
6/26/2024 12:00,23.7481861,1.932561417,5572.8,2167.2
6/26/2024 18:00,28.36885948,2.790591817,6241.536,2427.264
6/27/2024 0:00,25.43583283,0,5572.8,2167.2
6/27/2024 6:00,21.56467625,0.735354798,5572.8,2167.2
6/27/2024 12:00,24.62610825,2.236274563,5572.8,2167.2
6/27/2024 18:00,26.2527723,3.184433202,5572.8,2167.2
6/28/2024 0:00,27.8763415,0,6241.536,2427.264
6/28/2024 6:00,20.97903614,0.903187509,5572.8,2167.2
6/28/2024 12:00,24.12691804,2.193401712,5572.8,2167.2
6/28/2024 18:00,28.07411503,2.852766232,6241.536,2427.264
6/29/2024 0:00,27.23840668,0,6241.536,2427.264
6/29/2024 6:00,21.9765778,1.099443059,5572.8,2167.2
6/29/2024 12:00,23.62138697,2.030007349,5572.8,2167.2
6/29/2024 18:00,28.15454103,2.660477624,6241.536,2427.264
6/30/2024 0:00,25.57421606,0,5572.8,2167.2
6/30/2024 6:00,21.51950779,0.793291308,5572.8,2167.2
6/30/2024 12:00,24.54418295,2.323201483,5572.8,2167.2
6/30/2024 18:00,28.34368813,2.299116327,6241.536,2427.264
7/1/2024 0:00,27.02271478,0,6241.536,2427.264
7/1/2024 6:00,22.12659482,0.482473837,5572.8,2167.2
7/1/2024 12:00,22.55352765,2.189830096,5572.8,2167.2
7/1/2024 18:00,27.57296244,2.504919808,6241.536,2427.264
7/2/2024 0:00,26.75154805,0,5572.8,2167.2
7/2/2024 6:00,21.84388373,0.516188626,5572.8,2167.2
7/2/2024 12:00,23.18459095,1.825809733,5572.8,2167.2
7/2/2024 18:00,26.66618256,2.554067682,5572.8,2167.2
7/3/2024 0:00,24.5052713,0,5572.8,2167.2
7/3/2024 6:00,22.30662114,0.861437318,5572.8,2167.2
7/3/2024 12:00,23.53114601,2.01829704,5572.8,2167.2
7/3/2024 18:00,28.19852317,2.5437543,6241.536,2427.264
7/4/2024 0:00,27.0411053,0,6241.536,2427.264
7/4/2024 6:00,20.2470653,0.814231709,5572.8,2167.2
7/4/2024 12:00,21.54280316,1.746323567,5572.8,2167.2
7/4/2024 18:00,27.24292827,2.206786491,6241.536,2427.264
7/5/2024 0:00,24.58307002,0,5572.8,2167.2
7/5/2024 6:00,20.61478592,1.041172035,5572.8,2167.2
7/5/2024 12:00,22.21818838,2.05742057,5572.8,2167.2
7/5/2024 18:00,26.76307554,2.773517306,5572.8,2167.2
7/6/2024 0:00,26.15399799,0,5572.8,2167.2
7/6/2024 6:00,20.91473827,0.602840992,5572.8,2167.2
7/6/2024 12:00,22.56476297,2.168352872,5572.8,2167.2
7/6/2024 18:00,28.03409625,2.503790096,6241.536,2427.264
7/7/2024 0:00,24.69588201,0,5572.8,2167.2
7/7/2024 6:00,22.83505302,0.612968707,5572.8,2167.2
7/7/2024 12:00,23.10253775,1.864999596,5572.8,2167.2
7/7/2024 18:00,25.69330671,2.512213755,5572.8,2167.2
7/8/2024 0:00,24.73321439,0,5572.8,2167.2
7/8/2024 6:00,21.91573952,0.770444075,5572.8,2167.2
7/8/2024 12:00,23.5201145,1.845345409,5572.8,2167.2
7/8/2024 18:00,26.25157448,2.456158629,5572.8,2167.2
7/9/2024 0:00,25.70450565,0,5572.8,2167.2
7/9/2024 6:00,21.63824477,0.925720372,5572.8,2167.2
7/9/2024 12:00,22.61124376,1.823985647,5572.8,2167.2
7/9/2024 18:00,27.62682652,2.617282836,6241.536,2427.264
7/10/2024 0:00,26.97829803,0,5572.8,2167.2
7/10/2024 6:00,23.08156382,0.999361535,5572.8,2167.2
7/10/2024 12:00,21.47605745,2.114340915,5572.8,2167.2
7/10/2024 18:00,25.97301548,2.569849248,5572.8,2167.2
7/11/2024 0:00,25.53321823,0,5572.8,2167.2
7/11/2024 6:00,21.61374554,0.746751357,5572.8,2167.2
7/11/2024 12:00,21.41286562,2.069457499,5572.8,2167.2
7/11/2024 18:00,27.84037901,2.483727044,6241.536,2427.264
7/12/2024 0:00,24.48527291,0,5572.8,2167.2
7/12/2024 6:00,21.38697983,0.641329698,5572.8,2167.2
7/12/2024 12:00,24.04389361,2.244538868,5572.8,2167.2
7/12/2024 18:00,27.90972785,2.813970493,6241.536,2427.264
7/13/2024 0:00,25.92603651,0,5572.8,2167.2
7/13/2024 6:00,22.59762348,0.787756163,5572.8,2167.2
7/13/2024 12:00,23.26885219,1.805962094,5572.8,2167.2
7/13/2024 18:00,26.60570584,2.275130544,5572.8,2167.2
7/14/2024 0:00,26.98288767,0,5572.8,2167.2
7/14/2024 6:00,20.11358355,0.833485367,5572.8,2167.2
7/14/2024 12:00,23.43996152,1.924629692,5572.8,2167.2
7/14/2024 18:00,25.33329109,2.409877784,5572.8,2167.2
7/15/2024 0:00,25.47030452,0,5572.8,2167.2
7/15/2024 6:00,23.08891558,0.92766299,5572.8,2167.2
7/15/2024 12:00,23.50891622,2.003344868,5572.8,2167.2
7/15/2024 18:00,25.51448478,2.774339076,5572.8,2167.2
7/16/2024 0:00,26.16874239,0,5572.8,2167.2
7/16/2024 6:00,21.01610737,0.519300307,5572.8,2167.2
7/16/2024 12:00,21.29879244,1.934802266,5572.8,2167.2
7/16/2024 18:00,26.38668959,2.497546442,5572.8,2167.2
7/17/2024 0:00,24.96433803,0,5572.8,2167.2
7/17/2024 6:00,20.48567793,0.794126204,5572.8,2167.2
7/17/2024 12:00,21.67988516,2.163111191,5572.8,2167.2
7/17/2024 18:00,26.86550743,2.804069581,5572.8,2167.2
7/18/2024 0:00,26.71039776,0,5572.8,2167.2
7/18/2024 6:00,21.36662124,0.428020219,5572.8,2167.2
7/18/2024 12:00,21.39739476,2.152050847,5572.8,2167.2
7/18/2024 18:00,27.94131798,2.423303297,6241.536,2427.264
7/19/2024 0:00,24.48355961,0,5572.8,2167.2
7/19/2024 6:00,21.90446948,0.786982832,5572.8,2167.2
7/19/2024 12:00,22.82464686,1.923833687,5572.8,2167.2
7/19/2024 18:00,26.05483002,2.619190437,5572.8,2167.2
7/20/2024 0:00,26.67985399,0,5572.8,2167.2
7/20/2024 6:00,20.41266069,0.939261227,5572.8,2167.2
7/20/2024 12:00,21.5244483,2.438486863,5572.8,2167.2
7/20/2024 18:00,25.5999765,2.714517372,5572.8,2167.2
7/21/2024 0:00,25.32255698,0,5572.8,2167.2
7/21/2024 6:00,22.46631355,0.994252437,5572.8,2167.2
7/21/2024 12:00,21.40036116,1.994324434,5572.8,2167.2
7/21/2024 18:00,25.48042042,2.522574577,5572.8,2167.2
7/22/2024 0:00,25.72242406,0,5572.8,2167.2
7/22/2024 6:00,22.37772667,1.20225407,5572.8,2167.2
7/22/2024 12:00,22.03055607,1.809922564,5572.8,2167.2
7/22/2024 18:00,28.16947611,2.511262644,6241.536,2427.264
7/23/2024 0:00,26.18760584,0,5572.8,2167.2
7/23/2024 6:00,20.62651831,1.043153944,5572.8,2167.2
7/23/2024 12:00,22.83950205,1.931473885,5572.8,2167.2
7/23/2024 18:00,27.39117841,2.283982065,6241.536,2427.264
7/24/2024 0:00,26.54700337,0,5572.8,2167.2
7/24/2024 6:00,20.28403193,0.867766824,5572.8,2167.2
7/24/2024 12:00,23.42306871,2.364842638,5572.8,2167.2
7/24/2024 18:00,25.62911148,2.66289689,5572.8,2167.2
7/25/2024 0:00,24.91606422,0,5572.8,2167.2
7/25/2024 6:00,20.43317291,1.077803012,5572.8,2167.2
7/25/2024 12:00,22.23831004,1.98808223,5572.8,2167.2
7/25/2024 18:00,28.20484665,2.974945948,6241.536,2427.264
7/26/2024 0:00,25.85834742,0,5572.8,2167.2
7/26/2024 6:00,20.89550616,0.848920571,5572.8,2167.2
7/26/2024 12:00,21.8544925,2.194313433,5572.8,2167.2
7/26/2024 18:00,27.46807326,2.386529023,6241.536,2427.264
7/27/2024 0:00,25.61029192,0,5572.8,2167.2
7/27/2024 6:00,23.04639218,0.969493837,5572.8,2167.2
7/27/2024 12:00,23.6643948,2.276308705,5572.8,2167.2
7/27/2024 18:00,26.78496644,2.657034746,5572.8,2167.2
7/28/2024 0:00,26.21943147,0,5572.8,2167.2
7/28/2024 6:00,20.1710766,0.797879008,5572.8,2167.2
7/28/2024 12:00,24.00484761,2.150729237,5572.8,2167.2
7/28/2024 18:00,25.50673587,2.259013169,5572.8,2167.2
7/29/2024 0:00,24.38766549,0,5572.8,2167.2
7/29/2024 6:00,20.43597018,1.045419623,5572.8,2167.2
7/29/2024 12:00,23.65963462,2.219160175,5572.8,2167.2
7/29/2024 18:00,26.03760591,1.978788454,5572.8,2167.2
7/30/2024 0:00,24.73319311,0,5572.8,2167.2
7/30/2024 6:00,22.75875411,0.762525645,5572.8,2167.2
7/30/2024 12:00,23.11324111,2.103964412,5572.8,2167.2
7/30/2024 18:00,27.5238887,2.856689076,6241.536,2427.264
7/31/2024 0:00,25.90823803,0,5572.8,2167.2
7/31/2024 6:00,22.54890028,0.838761445,5572.8,2167.2
7/31/2024 12:00,21.85758617,1.954685486,5572.8,2167.2
7/31/2024 18:00,25.71937698,2.654488942,5572.8,2167.2
8/1/2024 0:00,23.00826613,0,5572.8,2167.2
8/1/2024 6:00,20.02463014,0.877440929,5572.8,2167.2
8/1/2024 12:00,20.12568394,2.099657335,5572.8,2167.2
8/1/2024 18:00,23.5162811,2.794057729,5572.8,2167.2
8/2/2024 0:00,22.29236471,0,5572.8,2167.2
8/2/2024 6:00,19.52583706,0.862350347,5572.8,2167.2
8/2/2024 12:00,19.4492547,1.963072817,5572.8,2167.2
8/2/2024 18:00,23.60099599,2.493832691,5572.8,2167.2
8/3/2024 0:00,22.46312483,0,5572.8,2167.2
8/3/2024 6:00,18.73051295,0.81924461,5572.8,2167.2
8/3/2024 12:00,20.82873159,2.136914657,5572.8,2167.2
8/3/2024 18:00,23.94585953,2.308342392,5572.8,2167.2
8/4/2024 0:00,23.1828294,0,5572.8,2167.2
8/4/2024 6:00,20.72906089,0.924599518,5572.8,2167.2
8/4/2024 12:00,20.16089063,2.176260041,5572.8,2167.2
8/4/2024 18:00,24.38562474,2.578080372,5572.8,2167.2
8/5/2024 0:00,24.40467901,0,5572.8,2167.2
8/5/2024 6:00,19.1217361,0.620610479,5572.8,2167.2
8/5/2024 12:00,20.4969047,1.998828811,5572.8,2167.2
8/5/2024 18:00,23.69583249,2.947210659,5572.8,2167.2
8/6/2024 0:00,24.44712226,0,5572.8,2167.2
8/6/2024 6:00,20.25456307,0.817292097,5572.8,2167.2
8/6/2024 12:00,19.93787449,1.924974669,5572.8,2167.2
8/6/2024 18:00,23.54982546,2.718734857,5572.8,2167.2
8/7/2024 0:00,24.21860694,0,5572.8,2167.2
8/7/2024 6:00,19.52569448,0.645031078,5572.8,2167.2
8/7/2024 12:00,19.27066118,1.893372219,5572.8,2167.2
8/7/2024 18:00,24.06353663,2.320762696,5572.8,2167.2
8/8/2024 0:00,24.67143505,0,5572.8,2167.2
8/8/2024 6:00,20.72995115,0.646337628,5572.8,2167.2
8/8/2024 12:00,21.34926483,2.126204431,5572.8,2167.2
8/8/2024 18:00,24.02211581,2.531476432,5572.8,2167.2
8/9/2024 0:00,22.53741715,0,5572.8,2167.2
8/9/2024 6:00,19.28203418,0.661147379,5572.8,2167.2
8/9/2024 12:00,21.56195619,1.683065571,5572.8,2167.2
8/9/2024 18:00,24.23161398,2.64645564,5572.8,2167.2
8/10/2024 0:00,24.16601477,0,5572.8,2167.2
8/10/2024 6:00,19.70813231,0.925915625,5572.8,2167.2
8/10/2024 12:00,21.01595098,1.811594912,5572.8,2167.2
8/10/2024 18:00,23.98591492,2.135032531,5572.8,2167.2
8/11/2024 0:00,22.33411995,0,5572.8,2167.2
8/11/2024 6:00,18.13733096,0.507606852,5572.8,2167.2
8/11/2024 12:00,20.34558565,1.704828148,5572.8,2167.2
8/11/2024 18:00,23.38467518,2.59787786,5572.8,2167.2
8/12/2024 0:00,24.58751645,0,5572.8,2167.2
8/12/2024 6:00,20.1878968,0.9877767,5572.8,2167.2
8/12/2024 12:00,20.80879788,1.724359751,5572.8,2167.2
8/12/2024 18:00,23.64511522,2.699676156,5572.8,2167.2
8/13/2024 0:00,24.5022957,0,5572.8,2167.2
8/13/2024 6:00,18.44011601,0.954811882,5572.8,2167.2
8/13/2024 12:00,20.90986873,1.824990164,5572.8,2167.2
8/13/2024 18:00,23.10084684,2.712587894,5572.8,2167.2
8/14/2024 0:00,23.15104007,0,5572.8,2167.2
8/14/2024 6:00,20.59148317,0.792888634,5572.8,2167.2
8/14/2024 12:00,19.49604214,2.205220527,5572.8,2167.2
8/14/2024 18:00,23.72505473,2.313059643,5572.8,2167.2
8/15/2024 0:00,23.41734263,0,5572.8,2167.2
8/15/2024 6:00,20.62058106,0.777800195,5572.8,2167.2
8/15/2024 12:00,21.75229463,1.839229705,5572.8,2167.2
8/15/2024 18:00,23.92305934,2.462952974,5572.8,2167.2
8/16/2024 0:00,22.93262232,0,5572.8,2167.2
8/16/2024 6:00,19.54016748,0.708409172,5572.8,2167.2
8/16/2024 12:00,19.69221497,1.592361482,5572.8,2167.2
8/16/2024 18:00,25.6550048,2.51503128,5572.8,2167.2
8/17/2024 0:00,24.73038882,0,5572.8,2167.2
8/17/2024 6:00,18.99550463,1.091707939,5572.8,2167.2
8/17/2024 12:00,19.78412705,1.771913883,5572.8,2167.2
8/17/2024 18:00,24.33894923,2.466098164,5572.8,2167.2
8/18/2024 0:00,22.50441377,0,5572.8,2167.2
8/18/2024 6:00,19.28251998,0.538083142,5572.8,2167.2
8/18/2024 12:00,21.32414818,1.903002377,5572.8,2167.2
8/18/2024 18:00,23.19103703,2.526433997,5572.8,2167.2
8/19/2024 0:00,23.71244762,0,5572.8,2167.2
8/19/2024 6:00,20.3399131,0.763851409,5572.8,2167.2
8/19/2024 12:00,20.94659311,1.734568584,5572.8,2167.2
8/19/2024 18:00,24.55704971,2.264843459,5572.8,2167.2
8/20/2024 0:00,23.83047424,0,5572.8,2167.2
8/20/2024 6:00,18.9117276,0.637756815,5572.8,2167.2
8/20/2024 12:00,19.91845676,1.729835557,5572.8,2167.2
8/20/2024 18:00,23.94713407,2.775145854,5572.8,2167.2
8/21/2024 0:00,24.52701189,0,5572.8,2167.2
8/21/2024 6:00,18.20468795,0.939473552,5572.8,2167.2
8/21/2024 12:00,21.16388717,2.041621922,5572.8,2167.2
8/21/2024 18:00,24.1220087,2.285335624,5572.8,2167.2
8/22/2024 0:00,22.66835354,0,5572.8,2167.2
8/22/2024 6:00,19.11097265,0.663036893,5572.8,2167.2
8/22/2024 12:00,20.5085327,2.008177163,5572.8,2167.2
8/22/2024 18:00,26.00761168,2.385110363,5572.8,2167.2
8/23/2024 0:00,24.93885973,0,5572.8,2167.2
8/23/2024 6:00,19.93555484,0.699407593,5572.8,2167.2
8/23/2024 12:00,21.43049204,1.766478811,5572.8,2167.2
8/23/2024 18:00,25.35457223,2.385680207,5572.8,2167.2
8/24/2024 0:00,23.92139455,0,5572.8,2167.2
8/24/2024 6:00,18.13528615,0.612706008,5572.8,2167.2
8/24/2024 12:00,20.04368359,2.104725361,5572.8,2167.2
8/24/2024 18:00,25.68974556,2.591058514,5572.8,2167.2
8/25/2024 0:00,23.27523067,0,5572.8,2167.2
8/25/2024 6:00,18.01490933,0.875193825,5572.8,2167.2
8/25/2024 12:00,20.62110522,2.003082542,5572.8,2167.2
8/25/2024 18:00,24.19934375,2.210271051,5572.8,2167.2
8/26/2024 0:00,23.42785669,0,5572.8,2167.2
8/26/2024 6:00,20.8388514,0.635716771,5572.8,2167.2
8/26/2024 12:00,19.17862379,2.059337751,5572.8,2167.2
8/26/2024 18:00,25.02582894,2.350982551,5572.8,2167.2
8/27/2024 0:00,24.52215864,0,5572.8,2167.2
8/27/2024 6:00,20.40613308,0.729020026,5572.8,2167.2
8/27/2024 12:00,19.66670831,1.962476414,5572.8,2167.2
8/27/2024 18:00,25.74888217,2.458621222,5572.8,2167.2
8/28/2024 0:00,24.19437905,0,5572.8,2167.2
8/28/2024 6:00,19.30998292,0.85754904,5572.8,2167.2
8/28/2024 12:00,20.20436947,2.091884392,5572.8,2167.2
8/28/2024 18:00,24.73559044,2.75488301,5572.8,2167.2
8/29/2024 0:00,22.25398737,0,5572.8,2167.2
8/29/2024 6:00,19.89960501,0.493124892,5572.8,2167.2
8/29/2024 12:00,19.64859035,1.932782168,5572.8,2167.2
8/29/2024 18:00,24.22568987,2.744976761,5572.8,2167.2
8/30/2024 0:00,22.16008794,0,5572.8,2167.2
8/30/2024 6:00,20.29541716,0.214935215,5572.8,2167.2
8/30/2024 12:00,20.54388168,1.890019959,5572.8,2167.2
8/30/2024 18:00,23.76504849,2.466122622,5572.8,2167.2
8/31/2024 0:00,24.96881227,0,5572.8,2167.2
8/31/2024 6:00,19.00979262,0.839959292,5572.8,2167.2
8/31/2024 12:00,19.98995211,1.887474422,5572.8,2167.2
8/31/2024 18:00,25.31549925,2.265724881,5572.8,2167.2
9/1/2024 0:00,21.06295054,0,5572.8,2167.2
9/1/2024 6:00,15.52235132,0.566344358,5572.8,2167.2
9/1/2024 12:00,17.22572647,1.908395025,5572.8,2167.2
9/1/2024 18:00,21.35720524,2.538796528,5572.8,2167.2
9/2/2024 0:00,19.69451344,0,5572.8,2167.2
9/2/2024 6:00,17.65862658,0.787578506,5572.8,2167.2
9/2/2024 12:00,17.34046849,2.104436374,5572.8,2167.2
9/2/2024 18:00,22.67923491,2.457062033,5572.8,2167.2
9/3/2024 0:00,21.00704049,0,5572.8,2167.2
9/3/2024 6:00,16.35942415,0.558028844,5572.8,2167.2
9/3/2024 12:00,17.63353397,1.871486234,5572.8,2167.2
9/3/2024 18:00,22.63693124,2.762887983,5572.8,2167.2
9/4/2024 0:00,20.3694945,0,5572.8,2167.2
9/4/2024 6:00,16.50339013,0.606802084,5572.8,2167.2
9/4/2024 12:00,16.86422054,1.892177893,5572.8,2167.2
9/4/2024 18:00,20.23023435,2.441877545,5572.8,2167.2
9/5/2024 0:00,20.58299999,0,5572.8,2167.2
9/5/2024 6:00,16.45702563,0.819950772,5572.8,2167.2
9/5/2024 12:00,16.24395417,1.83310359,5572.8,2167.2
9/5/2024 18:00,21.49767197,2.641991666,5572.8,2167.2
9/6/2024 0:00,20.9606788,0,5572.8,2167.2
9/6/2024 6:00,16.0179092,0.54708247,5572.8,2167.2
9/6/2024 12:00,16.51014291,1.694073651,5572.8,2167.2
9/6/2024 18:00,21.63777818,2.855248706,5572.8,2167.2
9/7/2024 0:00,21.70200384,0,5572.8,2167.2
9/7/2024 6:00,16.12106063,0.729943207,5572.8,2167.2
9/7/2024 12:00,18.23715998,1.859753852,5572.8,2167.2
9/7/2024 18:00,20.40542898,2.338057986,5572.8,2167.2
9/8/2024 0:00,21.42160545,0,5572.8,2167.2
9/8/2024 6:00,17.43338832,1.024922922,5572.8,2167.2
9/8/2024 12:00,17.54802694,1.831005804,5572.8,2167.2
9/8/2024 18:00,21.20877111,2.751974797,5572.8,2167.2
9/9/2024 0:00,21.57726716,0,5572.8,2167.2
9/9/2024 6:00,15.33873569,0.546684241,5572.8,2167.2
9/9/2024 12:00,18.24315622,1.622778029,5572.8,2167.2
9/9/2024 18:00,22.54306667,2.281285116,5572.8,2167.2
9/10/2024 0:00,19.46196024,0,5572.8,2167.2
9/10/2024 6:00,15.44613665,0.613282057,5572.8,2167.2
9/10/2024 12:00,17.13660688,1.922373979,5572.8,2167.2
9/10/2024 18:00,21.37502625,2.978271098,5572.8,2167.2
9/11/2024 0:00,20.51881098,0,5572.8,2167.2
9/11/2024 6:00,16.52129514,0.803591395,5572.8,2167.2
9/11/2024 12:00,17.00377371,2.182009192,5572.8,2167.2
9/11/2024 18:00,21.18297082,2.122912482,5572.8,2167.2
9/12/2024 0:00,21.75937592,0,5572.8,2167.2
9/12/2024 6:00,15.77748521,0.722902962,5572.8,2167.2
9/12/2024 12:00,18.7381737,1.829831235,5572.8,2167.2
9/12/2024 18:00,20.89289425,2.614670255,5572.8,2167.2
9/13/2024 0:00,19.28453093,0,5572.8,2167.2
9/13/2024 6:00,17.82539289,0.484474952,5572.8,2167.2
9/13/2024 12:00,16.94425805,2.133160725,5572.8,2167.2
9/13/2024 18:00,20.15550759,2.475172295,5572.8,2167.2
9/14/2024 0:00,20.88227306,0,5572.8,2167.2
9/14/2024 6:00,15.53440231,0.613143226,5572.8,2167.2
9/14/2024 12:00,18.01997442,1.925436098,5572.8,2167.2
9/14/2024 18:00,21.77041317,2.187513646,5572.8,2167.2
9/15/2024 0:00,19.80173239,0,5572.8,2167.2
9/15/2024 6:00,17.08487037,0.383339066,5572.8,2167.2
9/15/2024 12:00,18.10518926,2.160392977,5572.8,2167.2
9/15/2024 18:00,22.74693561,2.418414184,5572.8,2167.2
9/16/2024 0:00,20.20557913,0,5572.8,2167.2
9/16/2024 6:00,17.21393516,0.951733376,5572.8,2167.2
9/16/2024 12:00,18.68220073,1.894594874,5572.8,2167.2
9/16/2024 18:00,22.7497081,2.344819017,5572.8,2167.2
9/17/2024 0:00,20.33530812,0,5572.8,2167.2
9/17/2024 6:00,15.10827858,0.587127885,5572.8,2167.2
9/17/2024 12:00,17.70099464,2.057157959,5572.8,2167.2
9/17/2024 18:00,21.1652944,2.655259298,5572.8,2167.2
9/18/2024 0:00,19.6264286,0,5572.8,2167.2
9/18/2024 6:00,17.00773784,0.420752996,5572.8,2167.2
9/18/2024 12:00,17.45729802,1.96235383,5572.8,2167.2
9/18/2024 18:00,22.21490894,2.367381897,5572.8,2167.2
9/19/2024 0:00,21.66830804,0,5572.8,2167.2
9/19/2024 6:00,15.50580192,0.670950502,5572.8,2167.2
9/19/2024 12:00,18.02615724,1.854169432,5572.8,2167.2
9/19/2024 18:00,22.69875206,2.619162097,5572.8,2167.2
9/20/2024 0:00,20.6918399,0,5572.8,2167.2
9/20/2024 6:00,17.05924017,0.578857579,5572.8,2167.2
9/20/2024 12:00,16.50831832,1.86126036,5572.8,2167.2
9/20/2024 18:00,22.78279228,2.40256116,5572.8,2167.2
9/21/2024 0:00,20.95793953,0,5572.8,2167.2
9/21/2024 6:00,16.78579383,0.383804937,5572.8,2167.2
9/21/2024 12:00,17.53465597,1.828201951,5572.8,2167.2
9/21/2024 18:00,22.8242247,2.317300751,5572.8,2167.2
9/22/2024 0:00,21.10781494,0,5572.8,2167.2
9/22/2024 6:00,17.1638621,0.709528054,5572.8,2167.2
9/22/2024 12:00,16.87872795,1.983662672,5572.8,2167.2
9/22/2024 18:00,20.79998218,2.584963606,5572.8,2167.2
9/23/2024 0:00,19.23221886,0,5572.8,2167.2
9/23/2024 6:00,15.91091136,0.756581293,5572.8,2167.2
9/23/2024 12:00,16.90801513,1.954267627,5572.8,2167.2
9/23/2024 18:00,22.25149921,2.842346069,5572.8,2167.2
9/24/2024 0:00,20.65283977,0,5572.8,2167.2
9/24/2024 6:00,16.03484585,0.873142822,5572.8,2167.2
9/24/2024 12:00,16.3218892,1.848227761,5572.8,2167.2
9/24/2024 18:00,20.26022914,2.526780909,5572.8,2167.2
9/25/2024 0:00,20.17861736,0,5572.8,2167.2
9/25/2024 6:00,15.35837122,0.817568501,5572.8,2167.2
9/25/2024 12:00,18.35703604,1.836262464,5572.8,2167.2
9/25/2024 18:00,22.36765699,2.700859101,5572.8,2167.2
9/26/2024 0:00,20.17497046,0,5572.8,2167.2
9/26/2024 6:00,14.99048417,0.484937889,6018.624,2340.576
9/26/2024 12:00,18.38278404,1.653142814,5572.8,2167.2
9/26/2024 18:00,22.93825001,2.324117718,5572.8,2167.2
9/27/2024 0:00,20.8252389,0,5572.8,2167.2
9/27/2024 6:00,15.36965405,0.736560822,5572.8,2167.2
9/27/2024 12:00,16.02244961,2.152077937,5572.8,2167.2
9/27/2024 18:00,22.72743485,2.472905221,5572.8,2167.2
9/28/2024 0:00,21.09606899,0,5572.8,2167.2
9/28/2024 6:00,17.67094003,0.626614815,5572.8,2167.2
9/28/2024 12:00,16.68922461,1.764748126,5572.8,2167.2
9/28/2024 18:00,21.60456675,2.448261453,5572.8,2167.2
9/29/2024 0:00,20.8489431,0,5572.8,2167.2
9/29/2024 6:00,16.16503925,0.546938105,5572.8,2167.2
9/29/2024 12:00,16.27878075,1.669351261,5572.8,2167.2
9/29/2024 18:00,22.7297834,2.731251791,5572.8,2167.2
9/30/2024 0:00,20.40231847,0,5572.8,2167.2
9/30/2024 6:00,15.698618,0.388041636,5572.8,2167.2
9/30/2024 12:00,18.09192654,1.944881268,5572.8,2167.2
9/30/2024 18:00,20.79965742,2.77315027,5572.8,2167.2
10/1/2024 0:00,18.26084402,0,5572.8,2167.2
10/1/2024 6:00,12.04974382,0.892863705,6018.624,2340.576
10/1/2024 12:00,13.06370572,1.892079562,6018.624,2340.576
10/1/2024 18:00,18.55141215,2.563426142,5572.8,2167.2
10/2/2024 0:00,16.61056006,0,5572.8,2167.2
10/2/2024 6:00,14.55279466,0.543554157,6018.624,2340.576
10/2/2024 12:00,15.10819818,1.579009749,5572.8,2167.2
10/2/2024 18:00,17.34702373,2.533855619,5572.8,2167.2
10/3/2024 0:00,17.77115533,0,5572.8,2167.2
10/3/2024 6:00,11.9046534,0.708961005,6018.624,2340.576
10/3/2024 12:00,13.990709,1.757652335,6018.624,2340.576
10/3/2024 18:00,19.83979576,2.390944682,5572.8,2167.2
10/4/2024 0:00,16.07775504,0,5572.8,2167.2
10/4/2024 6:00,12.69931277,0.433454485,6018.624,2340.576
10/4/2024 12:00,14.13328173,1.939398105,6018.624,2340.576
10/4/2024 18:00,18.45068757,2.594562089,5572.8,2167.2
10/5/2024 0:00,17.42497773,0,5572.8,2167.2
10/5/2024 6:00,13.8252141,0.695790483,6018.624,2340.576
10/5/2024 12:00,15.08639966,2.003868479,5572.8,2167.2
10/5/2024 18:00,19.1249791,2.183677708,5572.8,2167.2
10/6/2024 0:00,16.68308489,0,5572.8,2167.2
10/6/2024 6:00,14.42477348,0.596492954,6018.624,2340.576
10/6/2024 12:00,13.27623107,1.741662616,6018.624,2340.576
10/6/2024 18:00,18.46690825,2.461431484,5572.8,2167.2
10/7/2024 0:00,17.95264805,0,5572.8,2167.2
10/7/2024 6:00,13.00298423,0.447330434,6018.624,2340.576
10/7/2024 12:00,13.55435868,1.822883551,6018.624,2340.576
10/7/2024 18:00,17.24774148,2.023424609,5572.8,2167.2
10/8/2024 0:00,16.4868621,0,5572.8,2167.2
10/8/2024 6:00,12.18779376,0.721152337,6018.624,2340.576
10/8/2024 12:00,15.77860385,1.539305422,5572.8,2167.2
10/8/2024 18:00,18.65907176,2.761276457,5572.8,2167.2
10/9/2024 0:00,16.67915349,0,5572.8,2167.2
10/9/2024 6:00,13.62280926,0.514054305,6018.624,2340.576
10/9/2024 12:00,14.03053368,1.857798334,6018.624,2340.576
10/9/2024 18:00,17.26244551,2.385736357,5572.8,2167.2
10/10/2024 0:00,18.04268609,0,5572.8,2167.2
10/10/2024 6:00,14.61405503,0.915335795,6018.624,2340.576
10/10/2024 12:00,14.32473689,1.722800436,6018.624,2340.576
10/10/2024 18:00,18.21721337,2.6988878,5572.8,2167.2
10/11/2024 0:00,18.99425657,0,5572.8,2167.2
10/11/2024 6:00,14.65151376,0.625236894,6018.624,2340.576
10/11/2024 12:00,14.78429005,1.440449679,6018.624,2340.576
10/11/2024 18:00,19.63211586,2.315484943,5572.8,2167.2
10/12/2024 0:00,18.63844287,0,5572.8,2167.2
10/12/2024 6:00,12.48519198,0.321892468,6018.624,2340.576
10/12/2024 12:00,13.00053922,1.761261463,6018.624,2340.576
10/12/2024 18:00,19.01509929,2.524681821,5572.8,2167.2
10/13/2024 0:00,17.03202107,0,5572.8,2167.2
10/13/2024 6:00,13.21135017,0.472113159,6018.624,2340.576
10/13/2024 12:00,14.10117402,1.811317655,6018.624,2340.576
10/13/2024 18:00,17.81007757,2.618104685,5572.8,2167.2
10/14/2024 0:00,18.41906203,0,5572.8,2167.2
10/14/2024 6:00,13.07838635,0.544462001,6018.624,2340.576
10/14/2024 12:00,15.21438194,1.71971483,5572.8,2167.2
10/14/2024 18:00,18.18811683,2.551569932,5572.8,2167.2
10/15/2024 0:00,16.68832806,0,5572.8,2167.2
10/15/2024 6:00,13.30426052,0.494718314,6018.624,2340.576
10/15/2024 12:00,13.47765385,1.757514133,6018.624,2340.576
10/15/2024 18:00,20.07538837,2.026498837,5572.8,2167.2
10/16/2024 0:00,18.52704432,0,5572.8,2167.2
10/16/2024 6:00,14.0807649,0.612661133,6018.624,2340.576
10/16/2024 12:00,13.45767945,1.677482315,6018.624,2340.576
10/16/2024 18:00,18.35060516,2.584979166,5572.8,2167.2
10/17/2024 0:00,17.00785377,0,5572.8,2167.2
10/17/2024 6:00,13.86227051,0.797509648,6018.624,2340.576
10/17/2024 12:00,14.83243538,2.045092471,6018.624,2340.576
10/17/2024 18:00,18.56837911,2.523008798,5572.8,2167.2
10/18/2024 0:00,16.94897949,0,5572.8,2167.2
10/18/2024 6:00,13.76463632,0.483095919,6018.624,2340.576
10/18/2024 12:00,14.84168744,1.72407076,6018.624,2340.576
10/18/2024 18:00,17.91041946,2.352059945,5572.8,2167.2
10/19/2024 0:00,16.01339556,0,5572.8,2167.2
10/19/2024 6:00,13.28084553,0.726125723,6018.624,2340.576
10/19/2024 12:00,13.15055243,1.649741166,6018.624,2340.576
10/19/2024 18:00,18.8591891,2.535908336,5572.8,2167.2
10/20/2024 0:00,18.59107752,0,5572.8,2167.2
10/20/2024 6:00,13.73629461,0.854885855,6018.624,2340.576
10/20/2024 12:00,13.66157678,1.893257837,6018.624,2340.576
10/20/2024 18:00,19.69641038,2.611344193,5572.8,2167.2
10/21/2024 0:00,17.61355769,0,5572.8,2167.2
10/21/2024 6:00,13.73566687,0.568299821,6018.624,2340.576
10/21/2024 12:00,13.76029674,1.776325829,6018.624,2340.576
10/21/2024 18:00,17.5590438,2.363147767,5572.8,2167.2
10/22/2024 0:00,17.28999413,0,5572.8,2167.2
10/22/2024 6:00,12.08021274,0.582985399,6018.624,2340.576
10/22/2024 12:00,15.62837177,1.914316827,5572.8,2167.2
10/22/2024 18:00,18.96256235,2.455666204,5572.8,2167.2
10/23/2024 0:00,18.3796536,0,5572.8,2167.2
10/23/2024 6:00,13.40793571,0.572207077,6018.624,2340.576
10/23/2024 12:00,13.46263804,1.667796728,6018.624,2340.576
10/23/2024 18:00,19.28852123,2.356007328,5572.8,2167.2
10/24/2024 0:00,17.41667129,0,5572.8,2167.2
10/24/2024 6:00,13.33780184,0.50300725,6018.624,2340.576
10/24/2024 12:00,15.43442475,1.786340798,5572.8,2167.2
10/24/2024 18:00,17.10580258,2.490353103,5572.8,2167.2
10/25/2024 0:00,17.53708976,0,5572.8,2167.2
10/25/2024 6:00,14.09286482,0.642157168,6018.624,2340.576
10/25/2024 12:00,14.65703004,1.982183494,6018.624,2340.576
10/25/2024 18:00,19.0628838,2.430359805,5572.8,2167.2
10/26/2024 0:00,18.97507188,0,5572.8,2167.2
10/26/2024 6:00,14.71193478,0.607945742,6018.624,2340.576
10/26/2024 12:00,14.94317004,1.865668986,6018.624,2340.576
10/26/2024 18:00,17.31984793,2.840090468,5572.8,2167.2
10/27/2024 0:00,16.47909648,0,5572.8,2167.2
10/27/2024 6:00,14.05639063,0.618734085,6018.624,2340.576
10/27/2024 12:00,14.53886806,1.888719412,6018.624,2340.576
10/27/2024 18:00,17.28698694,2.654464633,5572.8,2167.2
10/28/2024 0:00,18.75573558,0,5572.8,2167.2
10/28/2024 6:00,13.21258734,0.742314693,6018.624,2340.576
10/28/2024 12:00,14.27599332,1.97638556,6018.624,2340.576
10/28/2024 18:00,20.00353125,2.934917475,5572.8,2167.2
10/29/2024 0:00,16.79754247,0,5572.8,2167.2
10/29/2024 6:00,12.36723319,0.465646611,6018.624,2340.576
10/29/2024 12:00,13.3676639,1.414268927,6018.624,2340.576
10/29/2024 18:00,19.71234262,3.131397521,5572.8,2167.2
10/30/2024 0:00,16.90200689,0,5572.8,2167.2
10/30/2024 6:00,14.4030039,0.479772491,6018.624,2340.576
10/30/2024 12:00,13.23686994,1.714662125,6018.624,2340.576
10/30/2024 18:00,18.98777735,2.752053773,5572.8,2167.2
10/31/2024 0:00,17.17118354,0,5572.8,2167.2
10/31/2024 6:00,12.21476711,0.493499718,6018.624,2340.576
10/31/2024 12:00,15.18749654,1.757638638,5572.8,2167.2
10/31/2024 18:00,17.46060709,2.324675351,5572.8,2167.2
11/1/2024 0:00,15.38857785,0,5572.8,2167.2
11/1/2024 6:00,10.79022405,0.60249837,6018.624,2340.576
11/1/2024 12:00,13.46172558,1.989962351,6018.624,2340.576
11/1/2024 18:00,15.52336202,2.557500332,5572.8,2167.2
11/2/2024 0:00,14.97357519,0,6018.624,2340.576
11/2/2024 6:00,12.53008829,0.579229893,6018.624,2340.576
11/2/2024 12:00,11.57583503,1.893538463,6018.624,2340.576
11/2/2024 18:00,15.55371043,2.490277811,5572.8,2167.2
11/3/2024 0:00,15.31401293,0,5572.8,2167.2
11/3/2024 6:00,10.8896945,0.503212011,6018.624,2340.576
11/3/2024 12:00,11.73217207,1.810759351,6018.624,2340.576
11/3/2024 18:00,17.44966503,2.769467169,5572.8,2167.2
11/4/2024 0:00,15.04955979,0,5572.8,2167.2
11/4/2024 6:00,11.89399718,0.599674844,6018.624,2340.576
11/4/2024 12:00,13.45763407,1.896886647,6018.624,2340.576
11/4/2024 18:00,17.49383506,2.01045898,5572.8,2167.2
11/5/2024 0:00,14.27502183,0,6018.624,2340.576
11/5/2024 6:00,12.65191747,0.425357139,6018.624,2340.576
11/5/2024 12:00,12.74324332,2.07760964,6018.624,2340.576
11/5/2024 18:00,16.26178485,2.168515555,5572.8,2167.2
11/6/2024 0:00,16.04684024,0,5572.8,2167.2
11/6/2024 6:00,10.43356963,0.899298209,6018.624,2340.576
11/6/2024 12:00,13.20092453,1.741208059,6018.624,2340.576
11/6/2024 18:00,16.58701738,2.170770149,5572.8,2167.2
11/7/2024 0:00,16.15293488,0,5572.8,2167.2
11/7/2024 6:00,12.16216603,0.519211084,6018.624,2340.576
11/7/2024 12:00,12.64903897,1.554884339,6018.624,2340.576
11/7/2024 18:00,17.22249046,2.688425325,5572.8,2167.2
11/8/2024 0:00,16.55056194,0,5572.8,2167.2
11/8/2024 6:00,10.30599276,0.782433622,6018.624,2340.576
11/8/2024 12:00,11.14205773,2.040607217,6018.624,2340.576
11/8/2024 18:00,17.05301274,1.904735399,5572.8,2167.2
11/9/2024 0:00,15.7783902,0,5572.8,2167.2
11/9/2024 6:00,10.10539007,0.577490452,6018.624,2340.576
11/9/2024 12:00,11.976003,1.582600785,6018.624,2340.576
11/9/2024 18:00,15.27510917,2.397668233,5572.8,2167.2
11/10/2024 0:00,13.92114671,0,6018.624,2340.576
11/10/2024 6:00,10.26432852,0.565704628,6018.624,2340.576
11/10/2024 12:00,12.16035523,1.701368793,6018.624,2340.576
11/10/2024 18:00,15.92086481,2.452261,5572.8,2167.2
11/11/2024 0:00,16.67588217,0,5572.8,2167.2
11/11/2024 6:00,11.92269813,0.562425673,6018.624,2340.576
11/11/2024 12:00,11.65178081,1.504404702,6018.624,2340.576
11/11/2024 18:00,16.91751273,2.69651815,5572.8,2167.2
11/12/2024 0:00,13.99225756,0,6018.624,2340.576
11/12/2024 6:00,12.4817058,0.358654119,6018.624,2340.576
11/12/2024 12:00,12.32748933,1.686831958,6018.624,2340.576
11/12/2024 18:00,17.29285887,2.529221849,5572.8,2167.2
11/13/2024 0:00,14.16251126,0,6018.624,2340.576
11/13/2024 6:00,12.4337766,0.419282251,6018.624,2340.576
11/13/2024 12:00,11.8697341,1.76012745,6018.624,2340.576
11/13/2024 18:00,16.62579771,2.612707823,5572.8,2167.2
11/14/2024 0:00,15.77490424,0,5572.8,2167.2
11/14/2024 6:00,10.7703686,0.505458019,6018.624,2340.576
11/14/2024 12:00,13.56481363,1.718154544,6018.624,2340.576
11/14/2024 18:00,16.6880767,2.140741095,5572.8,2167.2
11/15/2024 0:00,15.87420873,0,5572.8,2167.2
11/15/2024 6:00,11.56565497,0.578680739,6018.624,2340.576
11/15/2024 12:00,12.39884681,1.839131813,6018.624,2340.576
11/15/2024 18:00,16.35683697,2.211086644,5572.8,2167.2
11/16/2024 0:00,16.31868914,0,5572.8,2167.2
11/16/2024 6:00,9.855963564,0.791509609,6018.624,2340.576
11/16/2024 12:00,13.70288611,1.593892954,6018.624,2340.576
11/16/2024 18:00,16.07769309,2.383918011,5572.8,2167.2
11/17/2024 0:00,13.93005994,0,6018.624,2340.576
11/17/2024 6:00,12.06338287,0.644844813,6018.624,2340.576
11/17/2024 12:00,13.34423885,1.886311086,6018.624,2340.576
11/17/2024 18:00,16.2264312,2.287642976,5572.8,2167.2
11/18/2024 0:00,14.50585879,0,6018.624,2340.576
11/18/2024 6:00,10.54763802,0.695077552,6018.624,2340.576
11/18/2024 12:00,13.64837464,1.540438703,6018.624,2340.576
11/18/2024 18:00,17.14921289,2.678145805,5572.8,2167.2
11/19/2024 0:00,13.86029652,0,6018.624,2340.576
11/19/2024 6:00,11.92669807,0.611144989,6018.624,2340.576
11/19/2024 12:00,13.5610875,1.478135768,6018.624,2340.576
11/19/2024 18:00,16.89376104,2.270886618,5572.8,2167.2
11/20/2024 0:00,15.3256493,0,5572.8,2167.2
11/20/2024 6:00,12.01502653,0.647467876,6018.624,2340.576
11/20/2024 12:00,11.36934201,1.833135269,6018.624,2340.576
11/20/2024 18:00,17.64287428,2.310366745,5572.8,2167.2
11/21/2024 0:00,14.49963522,0,6018.624,2340.576
11/21/2024 6:00,11.59458485,0.357356351,6018.624,2340.576
11/21/2024 12:00,13.6334618,1.605737968,6018.624,2340.576
11/21/2024 18:00,17.61967205,2.578315188,5572.8,2167.2
11/22/2024 0:00,14.12960207,0,6018.624,2340.576
11/22/2024 6:00,11.41308495,0.520495586,6018.624,2340.576
11/22/2024 12:00,13.78218574,1.651406223,6018.624,2340.576
11/22/2024 18:00,15.58664362,2.588480622,5572.8,2167.2
11/23/2024 0:00,14.33875451,0,6018.624,2340.576
11/23/2024 6:00,11.58238173,0.87444059,6018.624,2340.576
11/23/2024 12:00,13.71965372,1.436987082,6018.624,2340.576
11/23/2024 18:00,16.21279759,2.117422638,5572.8,2167.2
11/24/2024 0:00,15.22722127,0,5572.8,2167.2
11/24/2024 6:00,11.23882061,0.506643734,6018.624,2340.576
11/24/2024 12:00,12.11024511,1.918420272,6018.624,2340.576
11/24/2024 18:00,17.64645395,2.432624036,5572.8,2167.2
11/25/2024 0:00,15.30809888,0,5572.8,2167.2
11/25/2024 6:00,12.43480375,0.366505176,6018.624,2340.576
11/25/2024 12:00,11.44786401,1.639808714,6018.624,2340.576
11/25/2024 18:00,15.62323673,2.541477559,5572.8,2167.2
11/26/2024 0:00,16.6384813,0,5572.8,2167.2
11/26/2024 6:00,11.21367346,0.801779175,6018.624,2340.576
11/26/2024 12:00,12.03204296,1.587743574,6018.624,2340.576
11/26/2024 18:00,15.3866361,2.005612594,5572.8,2167.2
11/27/2024 0:00,14.99003645,0,6018.624,2340.576
11/27/2024 6:00,11.33320829,0.782388235,6018.624,2340.576
11/27/2024 12:00,13.78777037,1.665242308,6018.624,2340.576
11/27/2024 18:00,16.74667837,2.28817942,5572.8,2167.2
11/28/2024 0:00,15.4821541,0,5572.8,2167.2
11/28/2024 6:00,9.897270078,0.570234386,6018.624,2340.576
11/28/2024 12:00,13.62951522,1.543434373,6018.624,2340.576
11/28/2024 18:00,16.89058796,2.544559062,5572.8,2167.2
11/29/2024 0:00,14.73570736,0,6018.624,2340.576
11/29/2024 6:00,11.32253741,0.633975722,6018.624,2340.576
11/29/2024 12:00,11.31360278,1.870834362,6018.624,2340.576
11/29/2024 18:00,17.35611669,2.745135729,5572.8,2167.2
11/30/2024 0:00,15.56673555,0,5572.8,2167.2
11/30/2024 6:00,12.17832347,0.764139645,6018.624,2340.576
11/30/2024 12:00,11.97823123,1.586327529,6018.624,2340.576
11/30/2024 18:00,17.60107179,2.397282705,5572.8,2167.2
12/1/2024 0:00,14.9498945,0,6018.624,2340.576
12/1/2024 6:00,11.69297673,0.605418692,6018.624,2340.576
12/1/2024 12:00,12.36944496,1.747178628,6018.624,2340.576
12/1/2024 18:00,14.80978171,2.479871898,6018.624,2340.576
12/2/2024 0:00,14.26795685,0,6018.624,2340.576
12/2/2024 6:00,10.04413952,0.42935218,6018.624,2340.576
12/2/2024 12:00,11.35899731,1.779467497,6018.624,2340.576
12/2/2024 18:00,15.96045066,2.650324355,5572.8,2167.2
12/3/2024 0:00,14.80685827,0,6018.624,2340.576
12/3/2024 6:00,10.33483197,0.535577133,6018.624,2340.576
12/3/2024 12:00,12.56441377,1.740694447,6018.624,2340.576
12/3/2024 18:00,15.43261971,2.829835943,5572.8,2167.2
12/4/2024 0:00,13.50368752,0,6018.624,2340.576
12/4/2024 6:00,11.2231009,0.911673501,6018.624,2340.576
12/4/2024 12:00,11.46219427,1.262704062,6018.624,2340.576
12/4/2024 18:00,17.03084215,2.392800571,5572.8,2167.2
12/5/2024 0:00,14.84168824,0,6018.624,2340.576
12/5/2024 6:00,9.744917543,0.417604225,6018.624,2340.576
12/5/2024 12:00,12.68738685,1.815197484,6018.624,2340.576
12/5/2024 18:00,14.81037703,2.210191048,6018.624,2340.576
12/6/2024 0:00,14.36727387,0,6018.624,2340.576
12/6/2024 6:00,9.247505347,0.285692851,6018.624,2340.576
12/6/2024 12:00,12.08855775,2.095641314,6018.624,2340.576
12/6/2024 18:00,15.39402359,2.609052193,5572.8,2167.2
12/7/2024 0:00,15.8724128,0,5572.8,2167.2
12/7/2024 6:00,9.670177903,0.394099271,6018.624,2340.576
12/7/2024 12:00,11.81582865,1.404596711,6018.624,2340.576
12/7/2024 18:00,14.41125511,2.346372713,6018.624,2340.576
12/8/2024 0:00,15.02074226,0,5572.8,2167.2
12/8/2024 6:00,10.28006875,0.427482063,6018.624,2340.576
12/8/2024 12:00,10.18603537,1.635554367,6018.624,2340.576
12/8/2024 18:00,16.05613163,2.122212127,5572.8,2167.2
12/9/2024 0:00,14.16639446,0,6018.624,2340.576
12/9/2024 6:00,9.76540316,0.543203769,6018.624,2340.576
12/9/2024 12:00,11.79820184,1.636050556,6018.624,2340.576
12/9/2024 18:00,14.443472,2.540220438,6018.624,2340.576
12/10/2024 0:00,13.73631083,0,6018.624,2340.576
12/10/2024 6:00,9.082165206,0.815373894,6018.624,2340.576
12/10/2024 12:00,11.54563379,1.847151241,6018.624,2340.576
12/10/2024 18:00,14.28070387,2.820233567,6018.624,2340.576
12/11/2024 0:00,14.93126702,0,6018.624,2340.576
12/11/2024 6:00,9.211315558,0.11114943,6018.624,2340.576
12/11/2024 12:00,12.11948564,1.750286772,6018.624,2340.576
12/11/2024 18:00,15.26577953,2.400249154,5572.8,2167.2
12/12/2024 0:00,13.41682946,0,6018.624,2340.576
12/12/2024 6:00,9.266108156,0.642361087,6018.624,2340.576
12/12/2024 12:00,11.32886166,1.806743488,6018.624,2340.576
12/12/2024 18:00,16.5207151,2.535913344,5572.8,2167.2
12/13/2024 0:00,15.29771339,0,5572.8,2167.2
12/13/2024 6:00,10.91526483,0.579749732,6018.624,2340.576
12/13/2024 12:00,12.96338495,1.799322329,6018.624,2340.576
12/13/2024 18:00,15.94351342,1.990395405,5572.8,2167.2
12/14/2024 0:00,15.54574291,0,5572.8,2167.2
12/14/2024 6:00,8.996729719,0.79102532,6018.624,2340.576
12/14/2024 12:00,10.00950524,1.486915986,6018.624,2340.576
12/14/2024 18:00,14.38063078,2.729821236,6018.624,2340.576
12/15/2024 0:00,14.34509701,0,6018.624,2340.576
12/15/2024 6:00,8.917627396,0.513615619,6018.624,2340.576
12/15/2024 12:00,12.65733052,1.611084205,6018.624,2340.576
12/15/2024 18:00,16.16217909,2.262117964,5572.8,2167.2
12/16/2024 0:00,14.36703504,0,6018.624,2340.576
12/16/2024 6:00,9.953390543,0.407213808,6018.624,2340.576
12/16/2024 12:00,10.11290034,1.86288851,6018.624,2340.576
12/16/2024 18:00,15.62922649,2.437220675,5572.8,2167.2
12/17/2024 0:00,14.19983106,0,6018.624,2340.576
12/17/2024 6:00,9.962748544,0.643965222,6018.624,2340.576
12/17/2024 12:00,10.32057449,1.814633505,6018.624,2340.576
12/17/2024 18:00,15.60551446,2.383383596,5572.8,2167.2
12/18/2024 0:00,13.09876375,0,6018.624,2340.576
12/18/2024 6:00,10.21547184,0.42308654,6018.624,2340.576
12/18/2024 12:00,10.49814118,1.714368115,6018.624,2340.576
12/18/2024 18:00,14.37956562,2.374209203,6018.624,2340.576
12/19/2024 0:00,14.09127572,0,6018.624,2340.576
12/19/2024 6:00,9.867036262,0.475863984,6018.624,2340.576
12/19/2024 12:00,11.80216048,1.638362478,6018.624,2340.576
12/19/2024 18:00,15.04221005,2.267885988,5572.8,2167.2
12/20/2024 0:00,14.61384325,0,6018.624,2340.576
12/20/2024 6:00,10.54316541,0.571150901,6018.624,2340.576
12/20/2024 12:00,10.20101514,1.423827834,6018.624,2340.576
12/20/2024 18:00,15.93112313,2.425031235,5572.8,2167.2
12/21/2024 0:00,13.93584824,0,6018.624,2340.576
12/21/2024 6:00,8.932083296,0.527613801,6018.624,2340.576
12/21/2024 12:00,10.86043908,1.657105333,6018.624,2340.576
12/21/2024 18:00,14.17650224,1.979981133,6018.624,2340.576
12/22/2024 0:00,13.31689429,0,6018.624,2340.576
12/22/2024 6:00,11.56487257,0.442083625,6018.624,2340.576
12/22/2024 12:00,11.38595389,1.62957902,6018.624,2340.576
12/22/2024 18:00,15.51294123,2.295032539,5572.8,2167.2
12/23/2024 0:00,15.77047578,0,5572.8,2167.2
12/23/2024 6:00,9.909608022,0.543310968,6018.624,2340.576
12/23/2024 12:00,10.8568712,1.897702586,6018.624,2340.576
12/23/2024 18:00,14.40713698,2.405841104,6018.624,2340.576
12/24/2024 0:00,13.06498911,0,6018.624,2340.576
12/24/2024 6:00,11.72505711,0.566003665,6018.624,2340.576
12/24/2024 12:00,10.4165805,1.807895413,6018.624,2340.576
12/24/2024 18:00,17.0854115,2.607497928,5572.8,2167.2
12/25/2024 0:00,13.92103478,0,6018.624,2340.576
12/25/2024 6:00,9.769241735,0.840315702,6018.624,2340.576
12/25/2024 12:00,12.76785528,1.586696217,6018.624,2340.576
12/25/2024 18:00,16.08728606,2.413197723,5572.8,2167.2
12/26/2024 0:00,14.58789358,0,6018.624,2340.576
12/26/2024 6:00,8.983100365,0.474516211,6018.624,2340.576
12/26/2024 12:00,10.34330685,1.634080686,6018.624,2340.576
12/26/2024 18:00,14.2894933,2.771597802,6018.624,2340.576
12/27/2024 0:00,13.24331427,0,6018.624,2340.576
12/27/2024 6:00,11.75415695,0.587638898,6018.624,2340.576
12/27/2024 12:00,11.71944146,1.856150503,6018.624,2340.576
12/27/2024 18:00,14.53515036,2.486510795,6018.624,2340.576
12/28/2024 0:00,15.61631883,0,5572.8,2167.2
12/28/2024 6:00,9.358288859,0.933431828,6018.624,2340.576
12/28/2024 12:00,12.57176562,1.452049558,6018.624,2340.576
12/28/2024 18:00,16.56585815,2.57652149,5572.8,2167.2
12/29/2024 0:00,13.6335752,0,6018.624,2340.576
12/29/2024 6:00,11.3860097,0.588688213,6018.624,2340.576
12/29/2024 12:00,11.55585398,1.734512815,6018.624,2340.576
12/29/2024 18:00,15.12834046,2.394635141,5572.8,2167.2
12/30/2024 0:00,15.89428349,0,5572.8,2167.2
12/30/2024 6:00,10.73742441,0.294170249,6018.624,2340.576
12/30/2024 12:00,11.44828368,1.531716731,6018.624,2340.576
12/30/2024 18:00,15.55543891,2.581018324,5572.8,2167.2
