datetime,pv_prod_kWh
2024-01-01 00:00:00,0.0
2024-01-01 06:00:00,552.6994980125461
2024-01-01 12:00:00,1467.4955093411927
2024-01-01 18:00:00,1828.3194000753278
2024-01-02 00:00:00,0.0
2024-01-02 06:00:00,524.5051084792449
2024-01-02 12:00:00,1218.593164556473
2024-01-02 18:00:00,1730.148458690982
2024-01-03 00:00:00,0.0
2024-01-03 06:00:00,355.1047450728558
2024-01-03 12:00:00,1381.1190961298462
2024-01-03 18:00:00,1536.9954139462752
2024-01-04 00:00:00,0.0
2024-01-04 06:00:00,394.6176017721468
2024-01-04 12:00:00,1468.9848832400507
2024-01-04 18:00:00,1815.908310432653
2024-01-05 00:00:00,0.0
2024-01-05 06:00:00,579.0506765455447
2024-01-05 12:00:00,1297.2910507960064
2024-01-05 18:00:00,1719.5645493985394
2024-01-06 00:00:00,0.0
2024-01-06 06:00:00,360.5800599926346
2024-01-06 12:00:00,1181.8558393635963
2024-01-06 18:00:00,1697.92648571834
2024-01-07 00:00:00,0.0
2024-01-07 06:00:00,519.2012699233339
2024-01-07 12:00:00,1210.8589955995799
2024-01-07 18:00:00,1659.4426968761104
2024-01-08 00:00:00,0.0
2024-01-08 06:00:00,527.1404940269288
2024-01-08 12:00:00,1387.2401351198334
2024-01-08 18:00:00,1876.8239616771884
2024-01-09 00:00:00,0.0
2024-01-09 06:00:00,495.22363714879316
2024-01-09 12:00:00,1236.040369943021
2024-01-09 18:00:00,1495.9630745084592
2024-01-10 00:00:00,0.0
2024-01-10 06:00:00,399.1469112148477
2024-01-10 12:00:00,1302.9192058864053
2024-01-10 18:00:00,1786.0837815688112
2024-01-11 00:00:00,0.0
2024-01-11 06:00:00,497.73012222659327
2024-01-11 12:00:00,1367.5166567548222
2024-01-11 18:00:00,1599.124580782598
2024-01-12 00:00:00,0.0
2024-01-12 06:00:00,644.8788101478356
2024-01-12 12:00:00,1124.5954111793444
2024-01-12 18:00:00,1858.4499738525674
2024-01-13 00:00:00,0.0
2024-01-13 06:00:00,344.4643484205118
2024-01-13 12:00:00,1397.8528743695183
2024-01-13 18:00:00,1999.9893595015533
2024-01-14 00:00:00,0.0
2024-01-14 06:00:00,518.6753783686078
2024-01-14 12:00:00,1259.5964204293361
2024-01-14 18:00:00,1956.2036658104557
2024-01-15 00:00:00,0.0
2024-01-15 06:00:00,420.19513399797614
2024-01-15 12:00:00,1173.459484265354
2024-01-15 18:00:00,1794.1371307191662
2024-01-16 00:00:00,0.0
2024-01-16 06:00:00,594.2343247453772
2024-01-16 12:00:00,1448.7958024297395
2024-01-16 18:00:00,1815.7838371827315
2024-01-17 00:00:00,0.0
2024-01-17 06:00:00,485.70216338900894
2024-01-17 12:00:00,1072.8827886183412
2024-01-17 18:00:00,1758.9378719976426
2024-01-18 00:00:00,0.0
2024-01-18 06:00:00,361.22167535606343
2024-01-18 12:00:00,1346.3071053285287
2024-01-18 18:00:00,1997.3968582129323
2024-01-19 00:00:00,0.0
2024-01-19 06:00:00,266.11223184734246
2024-01-19 12:00:00,1406.206327327408
2024-01-19 18:00:00,1871.8234834985733
2024-01-20 00:00:00,0.0
2024-01-20 06:00:00,634.0387332252642
2024-01-20 12:00:00,1116.0638661218345
2024-01-20 18:00:00,1579.8694356532737
2024-01-21 00:00:00,0.0
2024-01-21 06:00:00,407.6927655768958
2024-01-21 12:00:00,1100.2627423060037
2024-01-21 18:00:00,1852.5841739921962
2024-01-22 00:00:00,0.0
2024-01-22 06:00:00,450.8471539385897
2024-01-22 12:00:00,1282.0344849634846
2024-01-22 18:00:00,1875.8637827486064
2024-01-23 00:00:00,0.0
2024-01-23 06:00:00,465.4550246538996
2024-01-23 12:00:00,1356.8562444176732
2024-01-23 18:00:00,1661.3541425075978
2024-01-24 00:00:00,0.0
2024-01-24 06:00:00,580.3898626804364
2024-01-24 12:00:00,1471.1554634796457
2024-01-24 18:00:00,1812.1442697880118
2024-01-25 00:00:00,0.0
2024-01-25 06:00:00,344.7076081564814
2024-01-25 12:00:00,1433.2525541411992
2024-01-25 18:00:00,1688.546053797589
2024-01-26 00:00:00,0.0
2024-01-26 06:00:00,466.1274518844993
2024-01-26 12:00:00,1280.7684952547152
2024-01-26 18:00:00,2177.559117004084
2024-01-27 00:00:00,0.0
2024-01-27 06:00:00,446.70647810333094
2024-01-27 12:00:00,907.0453393704702
2024-01-27 18:00:00,2063.0486219934332
2024-01-28 00:00:00,0.0
2024-01-28 06:00:00,300.4186724625539
2024-01-28 12:00:00,1280.8256437969326
2024-01-28 18:00:00,1760.7127070838164
2024-01-29 00:00:00,0.0
2024-01-29 06:00:00,412.3910654848001
2024-01-29 12:00:00,1305.3675347361373
2024-01-29 18:00:00,1778.0212054246958
2024-01-30 00:00:00,0.0
2024-01-30 06:00:00,351.99810145549725
2024-01-30 12:00:00,1382.9708079729821
2024-01-30 18:00:00,1463.1631124835749
2024-01-31 00:00:00,0.0
2024-01-31 06:00:00,354.69157183844027
2024-01-31 12:00:00,1303.7998881550534
2024-01-31 18:00:00,2227.0731202724737
2024-02-01 00:00:00,0.0
2024-02-01 06:00:00,623.7759752794395
2024-02-01 12:00:00,1343.4323664873573
2024-02-01 18:00:00,1823.2820990085606
2024-02-02 00:00:00,0.0
2024-02-02 06:00:00,514.0451596285129
2024-02-02 12:00:00,1275.5238806596824
2024-02-02 18:00:00,1902.7430600886346
2024-02-03 00:00:00,0.0
2024-02-03 06:00:00,433.023808260434
2024-02-03 12:00:00,1398.509817539992
2024-02-03 18:00:00,1609.3680173299426
2024-02-04 00:00:00,0.0
2024-02-04 06:00:00,361.5819794177902
2024-02-04 12:00:00,1663.594322228256
2024-02-04 18:00:00,1902.0384967996392
2024-02-05 00:00:00,0.0
2024-02-05 06:00:00,606.7711303544561
2024-02-05 12:00:00,1429.4058159657231
2024-02-05 18:00:00,2259.756663116714
2024-02-06 00:00:00,0.0
2024-02-06 06:00:00,419.3000721447368
2024-02-06 12:00:00,1328.5080890631245
2024-02-06 18:00:00,1914.582848245176
2024-02-07 00:00:00,0.0
2024-02-07 06:00:00,416.509895224697
2024-02-07 12:00:00,1307.1122547832788
2024-02-07 18:00:00,2115.669773614861
2024-02-08 00:00:00,0.0
2024-02-08 06:00:00,351.1816289976562
2024-02-08 12:00:00,1347.743227788233
2024-02-08 18:00:00,2055.428093778174
2024-02-09 00:00:00,0.0
2024-02-09 06:00:00,408.132475729246
2024-02-09 12:00:00,1330.3972502493073
2024-02-09 18:00:00,1721.145386216634
2024-02-10 00:00:00,0.0
2024-02-10 06:00:00,488.1628833786252
2024-02-10 12:00:00,1135.0071469515028
2024-02-10 18:00:00,1922.6633637912591
2024-02-11 00:00:00,0.0
2024-02-11 06:00:00,407.02850051486143
2024-02-11 12:00:00,1401.562196305189
2024-02-11 18:00:00,2052.4983642851444
2024-02-12 00:00:00,0.0
2024-02-12 06:00:00,325.13534490704734
2024-02-12 12:00:00,1479.63530277058
2024-02-12 18:00:00,1729.6151267765101
2024-02-13 00:00:00,0.0
2024-02-13 06:00:00,289.3149458472973
2024-02-13 12:00:00,1237.9560208566047
2024-02-13 18:00:00,1717.2768725192038
2024-02-14 00:00:00,0.0
2024-02-14 06:00:00,460.19475558181966
2024-02-14 12:00:00,1407.3801131793557
2024-02-14 18:00:00,1904.4583886126502
2024-02-15 00:00:00,0.0
2024-02-15 06:00:00,312.23422993302296
2024-02-15 12:00:00,1416.3643250452303
2024-02-15 18:00:00,1772.5627396409584
2024-02-16 00:00:00,0.0
2024-02-16 06:00:00,322.63793947136935
2024-02-16 12:00:00,1198.074626640167
2024-02-16 18:00:00,2030.5041542597041
2024-02-17 00:00:00,0.0
2024-02-17 06:00:00,397.52588377164835
2024-02-17 12:00:00,1213.7839937487975
2024-02-17 18:00:00,2027.1793489786223
2024-02-18 00:00:00,0.0
2024-02-18 06:00:00,729.8436809810296
2024-02-18 12:00:00,1470.8012011030823
2024-02-18 18:00:00,2032.6361986095917
2024-02-19 00:00:00,0.0
2024-02-19 06:00:00,571.09032632337
2024-02-19 12:00:00,1230.9691511400179
2024-02-19 18:00:00,1854.7340946773938
2024-02-20 00:00:00,0.0
2024-02-20 06:00:00,517.4940197472857
2024-02-20 12:00:00,1404.985604507094
2024-02-20 18:00:00,1850.2083996210467
2024-02-21 00:00:00,0.0
2024-02-21 06:00:00,535.1634544720149
2024-02-21 12:00:00,1329.6980585775223
2024-02-21 18:00:00,1812.543370388502
2024-02-22 00:00:00,0.0
2024-02-22 06:00:00,541.4638161293684
2024-02-22 12:00:00,1501.032897606773
2024-02-22 18:00:00,1697.5652880169096
2024-02-23 00:00:00,0.0
2024-02-23 06:00:00,486.11032414087447
2024-02-23 12:00:00,1635.5906855670755
2024-02-23 18:00:00,1453.2228722394527
2024-02-24 00:00:00,0.0
2024-02-24 06:00:00,435.5613755600149
2024-02-24 12:00:00,1264.7188200077444
2024-02-24 18:00:00,1712.0031256301404
2024-02-25 00:00:00,0.0
2024-02-25 06:00:00,364.2226725084915
2024-02-25 12:00:00,1375.9362968501937
2024-02-25 18:00:00,1567.28423317551
2024-02-26 00:00:00,0.0
2024-02-26 06:00:00,496.43155657437774
2024-02-26 12:00:00,1331.2479298839912
2024-02-26 18:00:00,1963.53793228651
2024-02-27 00:00:00,0.0
2024-02-27 06:00:00,443.28031132108333
2024-02-27 12:00:00,1347.194569898988
2024-02-27 18:00:00,1794.9725586592067
2024-02-28 00:00:00,0.0
2024-02-28 06:00:00,482.9715285006939
2024-02-28 12:00:00,1284.00716577953
2024-02-28 18:00:00,1995.470586098913
2024-02-29 00:00:00,0.0
2024-02-29 06:00:00,415.6785947052862
2024-02-29 12:00:00,1412.6758043105401
2024-02-29 18:00:00,1904.7585871959077
2024-03-01 00:00:00,0.0
2024-03-01 06:00:00,497.54008579371794
2024-03-01 12:00:00,1346.561010737354
2024-03-01 18:00:00,1744.4758003710895
2024-03-02 00:00:00,0.0
2024-03-02 06:00:00,597.2286248594444
2024-03-02 12:00:00,1366.5737768312893
2024-03-02 18:00:00,2018.7304019649846
2024-03-03 00:00:00,0.0
2024-03-03 06:00:00,120.61965971198438
2024-03-03 12:00:00,1376.3427595092408
2024-03-03 18:00:00,1896.8520782540513
2024-03-04 00:00:00,0.0
2024-03-04 06:00:00,452.2601557061737
2024-03-04 12:00:00,1449.143388084846
2024-03-04 18:00:00,1749.2422806520635
2024-03-05 00:00:00,0.0
2024-03-05 06:00:00,440.40655034114934
2024-03-05 12:00:00,1328.3092988891203
2024-03-05 18:00:00,1790.7684892866118
2024-03-06 00:00:00,0.0
2024-03-06 06:00:00,351.90118347644386
2024-03-06 12:00:00,1381.5954501478736
2024-03-06 18:00:00,2065.038724198363
2024-03-07 00:00:00,0.0
2024-03-07 06:00:00,316.1501642935563
2024-03-07 12:00:00,1434.665983117032
2024-03-07 18:00:00,1831.2208283873042
2024-03-08 00:00:00,0.0
2024-03-08 06:00:00,477.05476785638047
2024-03-08 12:00:00,1334.0980631597158
2024-03-08 18:00:00,2025.5156843652717
2024-03-09 00:00:00,0.0
2024-03-09 06:00:00,534.9802023888217
2024-03-09 12:00:00,1179.0556002414428
2024-03-09 18:00:00,1856.4488539073432
2024-03-10 00:00:00,0.0
2024-03-10 06:00:00,558.6827670227764
2024-03-10 12:00:00,1387.8970233351422
2024-03-10 18:00:00,1805.5914254726715
2024-03-11 00:00:00,0.0
2024-03-11 06:00:00,673.3230663568318
2024-03-11 12:00:00,1578.1190945778594
2024-03-11 18:00:00,1695.3909603193756
2024-03-12 00:00:00,0.0
2024-03-12 06:00:00,419.2583359238739
2024-03-12 12:00:00,1334.3097818542844
2024-03-12 18:00:00,1743.5930001986226
2024-03-13 00:00:00,0.0
2024-03-13 06:00:00,362.003863966696
2024-03-13 12:00:00,1298.0646845233316
2024-03-13 18:00:00,1775.3944279372768
2024-03-14 00:00:00,0.0
2024-03-14 06:00:00,539.4124938226125
2024-03-14 12:00:00,1622.392696968461
2024-03-14 18:00:00,1781.391195469968
2024-03-15 00:00:00,0.0
2024-03-15 06:00:00,658.4168624929778
2024-03-15 12:00:00,1337.5048227075038
2024-03-15 18:00:00,1948.6922117874415
2024-03-16 00:00:00,0.0
2024-03-16 06:00:00,687.0567793568248
2024-03-16 12:00:00,1396.0713908742696
2024-03-16 18:00:00,1862.0651283644625
2024-03-17 00:00:00,0.0
2024-03-17 06:00:00,620.7462447022934
2024-03-17 12:00:00,1332.7379376011954
2024-03-17 18:00:00,1932.5499987527173
2024-03-18 00:00:00,0.0
2024-03-18 06:00:00,454.9088894431497
2024-03-18 12:00:00,1411.4546310884352
2024-03-18 18:00:00,1949.850047570686
2024-03-19 00:00:00,0.0
2024-03-19 06:00:00,523.3910457099428
2024-03-19 12:00:00,1442.054301887842
2024-03-19 18:00:00,1925.8253977959682
2024-03-20 00:00:00,0.0
2024-03-20 06:00:00,653.9884338749406
2024-03-20 12:00:00,1321.1140955851367
2024-03-20 18:00:00,1619.0593148439984
2024-03-21 00:00:00,0.0
2024-03-21 06:00:00,497.99399294842823
2024-03-21 12:00:00,1590.493650768208
2024-03-21 18:00:00,1757.694120430428
2024-03-22 00:00:00,0.0
2024-03-22 06:00:00,421.337258017864
2024-03-22 12:00:00,1406.0224393237663
2024-03-22 18:00:00,2043.7075904066269
2024-03-23 00:00:00,0.0
2024-03-23 06:00:00,613.8852200737049
2024-03-23 12:00:00,1264.1921160693191
2024-03-23 18:00:00,1776.4968212595118
2024-03-24 00:00:00,0.0
2024-03-24 06:00:00,364.53849421458455
2024-03-24 12:00:00,1322.0458103620085
2024-03-24 18:00:00,1669.0072597273079
2024-03-25 00:00:00,0.0
2024-03-25 06:00:00,395.8513345357943
2024-03-25 12:00:00,1308.8909753564376
2024-03-25 18:00:00,2148.246709119115
2024-03-26 00:00:00,0.0
2024-03-26 06:00:00,426.5799964532401
2024-03-26 12:00:00,1442.4743146622482
2024-03-26 18:00:00,1972.1537400493185
2024-03-27 00:00:00,0.0
2024-03-27 06:00:00,656.1860049323459
2024-03-27 12:00:00,1259.044793904171
2024-03-27 18:00:00,1864.0912197078178
2024-03-28 00:00:00,0.0
2024-03-28 06:00:00,565.098317776498
2024-03-28 12:00:00,1505.5440228557188
2024-03-28 18:00:00,1914.6351787409703
2024-03-29 00:00:00,0.0
2024-03-29 06:00:00,734.2346531614853
2024-03-29 12:00:00,1503.1289538131975
2024-03-29 18:00:00,1740.1830606679114
2024-03-30 00:00:00,0.0
2024-03-30 06:00:00,666.5026042847059
2024-03-30 12:00:00,1379.26403598108
2024-03-30 18:00:00,1623.0882506355815
2024-03-31 00:00:00,0.0
2024-03-31 06:00:00,454.63506477663225
2024-03-31 12:00:00,1222.0311659048716
2024-03-31 18:00:00,1674.6338106863354
2024-04-01 00:00:00,0.0
2024-04-01 06:00:00,553.3106443998295
2024-04-01 12:00:00,1389.555999556522
2024-04-01 18:00:00,2055.207224990029
2024-04-02 00:00:00,0.0
2024-04-02 06:00:00,569.2149634232119
2024-04-02 12:00:00,1438.194736626851
2024-04-02 18:00:00,2229.1158071509617
2024-04-03 00:00:00,0.0
2024-04-03 06:00:00,634.9443635708843
2024-04-03 12:00:00,1312.796535894901
2024-04-03 18:00:00,2005.2117354661461
2024-04-04 00:00:00,0.0
2024-04-04 06:00:00,633.4505843154825
2024-04-04 12:00:00,1627.2430132539212
2024-04-04 18:00:00,1953.2466000870404
2024-04-05 00:00:00,0.0
2024-04-05 06:00:00,376.26257592150137
2024-04-05 12:00:00,1595.6304197937689
2024-04-05 18:00:00,1767.583212543918
2024-04-06 00:00:00,0.0
2024-04-06 06:00:00,380.4096832518723
2024-04-06 12:00:00,1740.5434500593228
2024-04-06 18:00:00,2123.8391736523768
2024-04-07 00:00:00,0.0
2024-04-07 06:00:00,449.0005258923815
2024-04-07 12:00:00,1313.8751191294923
2024-04-07 18:00:00,1803.9606212529634
2024-04-08 00:00:00,0.0
2024-04-08 06:00:00,432.51833105061115
2024-04-08 12:00:00,1267.1297115727969
2024-04-08 18:00:00,1739.418340455256
2024-04-09 00:00:00,0.0
2024-04-09 06:00:00,367.93583871225076
2024-04-09 12:00:00,1430.621766214263
2024-04-09 18:00:00,2152.9970938015554
2024-04-10 00:00:00,0.0
2024-04-10 06:00:00,529.9188367174706
2024-04-10 12:00:00,1269.8386758450933
2024-04-10 18:00:00,1711.0564690234296
2024-04-11 00:00:00,0.0
2024-04-11 06:00:00,639.9351630294146
2024-04-11 12:00:00,1687.454379017097
2024-04-11 18:00:00,1763.0857972083822
2024-04-12 00:00:00,0.0
2024-04-12 06:00:00,581.126641731353
2024-04-12 12:00:00,1509.1714905049819
2024-04-12 18:00:00,1571.5636498247263
2024-04-13 00:00:00,0.0
2024-04-13 06:00:00,516.4984696804341
2024-04-13 12:00:00,1285.1582213091124
2024-04-13 18:00:00,1673.7221038098319
2024-04-14 00:00:00,0.0
2024-04-14 06:00:00,462.1213560424829
2024-04-14 12:00:00,1344.7932413185029
2024-04-14 18:00:00,1895.069892308286
2024-04-15 00:00:00,0.0
2024-04-15 06:00:00,556.3420153355211
2024-04-15 12:00:00,1616.2645460180393
2024-04-15 18:00:00,1910.6044173668797
2024-04-16 00:00:00,0.0
2024-04-16 06:00:00,504.38194536515084
2024-04-16 12:00:00,1512.5166706421944
2024-04-16 18:00:00,2117.895000214012
2024-04-17 00:00:00,0.0
2024-04-17 06:00:00,313.3252132976384
2024-04-17 12:00:00,1317.8111938065833
2024-04-17 18:00:00,1732.1905313737382
2024-04-18 00:00:00,0.0
2024-04-18 06:00:00,771.0386593279538
2024-04-18 12:00:00,1593.9569857292122
2024-04-18 18:00:00,1923.658943243383
2024-04-19 00:00:00,0.0
2024-04-19 06:00:00,580.4783035497918
2024-04-19 12:00:00,1278.2975425473658
2024-04-19 18:00:00,1885.3529526224233
2024-04-20 00:00:00,0.0
2024-04-20 06:00:00,699.7814092037963
2024-04-20 12:00:00,1589.5304238300232
2024-04-20 18:00:00,2147.437490283388
2024-04-21 00:00:00,0.0
2024-04-21 06:00:00,406.39485585595594
2024-04-21 12:00:00,1501.0328837003908
2024-04-21 18:00:00,1572.5437360554752
2024-04-22 00:00:00,0.0
2024-04-22 06:00:00,633.3211492378753
2024-04-22 12:00:00,1634.6816303368278
2024-04-22 18:00:00,1735.1433946630004
2024-04-23 00:00:00,0.0
2024-04-23 06:00:00,562.0627629230577
2024-04-23 12:00:00,1657.850980866857
2024-04-23 18:00:00,1995.39841427989
2024-04-24 00:00:00,0.0
2024-04-24 06:00:00,404.90547053996573
2024-04-24 12:00:00,1599.8591078343215
2024-04-24 18:00:00,2029.6365718069123
2024-04-25 00:00:00,0.0
2024-04-25 06:00:00,292.2885509162833
2024-04-25 12:00:00,1238.3458974014918
2024-04-25 18:00:00,1871.0906609066747
2024-04-26 00:00:00,0.0
2024-04-26 06:00:00,568.5196442650032
2024-04-26 12:00:00,1461.8753496241266
2024-04-26 18:00:00,1771.2752187618362
2024-04-27 00:00:00,0.0
2024-04-27 06:00:00,616.8048940315903
2024-04-27 12:00:00,1394.3540226391278
2024-04-27 18:00:00,1962.905539061549
2024-04-28 00:00:00,0.0
2024-04-28 06:00:00,496.26743787309687
2024-04-28 12:00:00,1490.234880684435
2024-04-28 18:00:00,1581.2050912339807
2024-04-29 00:00:00,0.0
2024-04-29 06:00:00,488.94371504107835
2024-04-29 12:00:00,1466.7358144904672
2024-04-29 18:00:00,1845.7538604987753
2024-04-30 00:00:00,0.0
2024-04-30 06:00:00,459.1425138208358
2024-04-30 12:00:00,1507.1394327695486
2024-04-30 18:00:00,1994.7883253309114
2024-05-01 00:00:00,0.0
2024-05-01 06:00:00,594.0020624958296
2024-05-01 12:00:00,1432.1423416540715
2024-05-01 18:00:00,1713.077371084534
2024-05-02 00:00:00,0.0
2024-05-02 06:00:00,629.380114876013
2024-05-02 12:00:00,1622.450815707964
2024-05-02 18:00:00,1744.3981422244788
2024-05-03 00:00:00,0.0
2024-05-03 06:00:00,634.5106942471405
2024-05-03 12:00:00,1463.6461040194026
2024-05-03 18:00:00,2036.8110869738703
2024-05-04 00:00:00,0.0
2024-05-04 06:00:00,688.5818061649452
2024-05-04 12:00:00,1527.851474200144
2024-05-04 18:00:00,1682.9101479566796
2024-05-05 00:00:00,0.0
2024-05-05 06:00:00,460.8398259154343
2024-05-05 12:00:00,1447.6290476779989
2024-05-05 18:00:00,1614.0365385504203
2024-05-06 00:00:00,0.0
2024-05-06 06:00:00,509.34207041954255
2024-05-06 12:00:00,1454.2716896657166
2024-05-06 18:00:00,2061.492725983764
2024-05-07 00:00:00,0.0
2024-05-07 06:00:00,475.15813240941486
2024-05-07 12:00:00,1490.6320700021288
2024-05-07 18:00:00,1974.6201340561956
2024-05-08 00:00:00,0.0
2024-05-08 06:00:00,730.9723909566385
2024-05-08 12:00:00,1545.844064604046
2024-05-08 18:00:00,2149.42855909971
2024-05-09 00:00:00,0.0
2024-05-09 06:00:00,673.481387406383
2024-05-09 12:00:00,1265.7081686207832
2024-05-09 18:00:00,2122.670202256948
2024-05-10 00:00:00,0.0
2024-05-10 06:00:00,655.9163513433163
2024-05-10 12:00:00,1255.8158203418764
2024-05-10 18:00:00,1968.2761414999848
2024-05-11 00:00:00,0.0
2024-05-11 06:00:00,378.7021332952255
2024-05-11 12:00:00,1346.537551653838
2024-05-11 18:00:00,1723.7324547922362
2024-05-12 00:00:00,0.0
2024-05-12 06:00:00,600.2746070095643
2024-05-12 12:00:00,1539.0620629527377
2024-05-12 18:00:00,2003.4207877993172
2024-05-13 00:00:00,0.0
2024-05-13 06:00:00,517.2217081328781
2024-05-13 12:00:00,1475.2936746834935
2024-05-13 18:00:00,1967.63665753854
2024-05-14 00:00:00,0.0
2024-05-14 06:00:00,558.3389791123014
2024-05-14 12:00:00,1586.7868881303593
2024-05-14 18:00:00,2002.2089558853063
2024-05-15 00:00:00,0.0
2024-05-15 06:00:00,481.36485738865974
2024-05-15 12:00:00,1547.7069712425532
2024-05-15 18:00:00,1884.6451375549966
2024-05-16 00:00:00,0.0
2024-05-16 06:00:00,639.5802105698365
2024-05-16 12:00:00,1532.465996651697
2024-05-16 18:00:00,1951.8849184034243
2024-05-17 00:00:00,0.0
2024-05-17 06:00:00,267.77895433278536
2024-05-17 12:00:00,1480.4458621188255
2024-05-17 18:00:00,2253.5124037982505
2024-05-18 00:00:00,0.0
2024-05-18 06:00:00,473.7714314062139
2024-05-18 12:00:00,1361.1988845592368
2024-05-18 18:00:00,1834.6348880070245
2024-05-19 00:00:00,0.0
2024-05-19 06:00:00,493.76678657691326
2024-05-19 12:00:00,1674.1332145109513
2024-05-19 18:00:00,2063.8761853561828
2024-05-20 00:00:00,0.0
2024-05-20 06:00:00,524.5867401829074
2024-05-20 12:00:00,1312.1871938690529
2024-05-20 18:00:00,2045.7583996798787
2024-05-21 00:00:00,0.0
2024-05-21 06:00:00,718.225887179377
2024-05-21 12:00:00,1390.313708559158
2024-05-21 18:00:00,1786.2438939497647
2024-05-22 00:00:00,0.0
2024-05-22 06:00:00,452.8982517990203
2024-05-22 12:00:00,1545.149842420873
2024-05-22 18:00:00,1816.0186242796851
2024-05-23 00:00:00,0.0
2024-05-23 06:00:00,606.7380848485527
2024-05-23 12:00:00,1391.3205754600624
2024-05-23 18:00:00,1989.181187437463
2024-05-24 00:00:00,0.0
2024-05-24 06:00:00,443.64544310745134
2024-05-24 12:00:00,1384.7505437532013
2024-05-24 18:00:00,1990.7573593131442
2024-05-25 00:00:00,0.0
2024-05-25 06:00:00,577.2109284041617
2024-05-25 12:00:00,1433.1505339031582
2024-05-25 18:00:00,1918.51520411501
2024-05-26 00:00:00,0.0
2024-05-26 06:00:00,550.8735286894628
2024-05-26 12:00:00,1592.0103076886494
2024-05-26 18:00:00,1784.1947397284077
2024-05-27 00:00:00,0.0
2024-05-27 06:00:00,396.8621436446007
2024-05-27 12:00:00,1509.0147575472965
2024-05-27 18:00:00,2011.2603431263415
2024-05-28 00:00:00,0.0
2024-05-28 06:00:00,594.3225290195655
2024-05-28 12:00:00,1441.2663325131796
2024-05-28 18:00:00,1670.5118226169502
2024-05-29 00:00:00,0.0
2024-05-29 06:00:00,584.2626286677896
2024-05-29 12:00:00,1410.1902477480555
2024-05-29 18:00:00,2085.2488356342415
2024-05-30 00:00:00,0.0
2024-05-30 06:00:00,637.5024291594532
2024-05-30 12:00:00,1419.1173925546657
2024-05-30 18:00:00,1969.9125258954944
2024-05-31 00:00:00,0.0
2024-05-31 06:00:00,406.3987040939988
2024-05-31 12:00:00,1248.530780919362
2024-05-31 18:00:00,1790.9847058124888
2024-06-01 00:00:00,0.0
2024-06-01 06:00:00,597.9779173159843
2024-06-01 12:00:00,1498.062533725833
2024-06-01 18:00:00,2169.012974455772
2024-06-02 00:00:00,0.0
2024-06-02 06:00:00,669.9238965023178
2024-06-02 12:00:00,1551.839562896235
2024-06-02 18:00:00,1833.1130358420185
2024-06-03 00:00:00,0.0
2024-06-03 06:00:00,491.2359013194359
2024-06-03 12:00:00,1610.290995203085
2024-06-03 18:00:00,1816.8289033252472
2024-06-04 00:00:00,0.0
2024-06-04 06:00:00,621.8050124473735
2024-06-04 12:00:00,1528.745969061008
2024-06-04 18:00:00,1899.2533962075129
2024-06-05 00:00:00,0.0
2024-06-05 06:00:00,328.25277888928065
2024-06-05 12:00:00,1348.5142268159839
2024-06-05 18:00:00,1792.098632855436
2024-06-06 00:00:00,0.0
2024-06-06 06:00:00,665.4347953789696
2024-06-06 12:00:00,1588.2003596858287
2024-06-06 18:00:00,2084.098286178876
2024-06-07 00:00:00,0.0
2024-06-07 06:00:00,809.1707643715447
2024-06-07 12:00:00,1383.937777962078
2024-06-07 18:00:00,2218.414826500422
2024-06-08 00:00:00,0.0
2024-06-08 06:00:00,616.1006462634283
2024-06-08 12:00:00,1266.4523566652126
2024-06-08 18:00:00,2077.347441602797
2024-06-09 00:00:00,0.0
2024-06-09 06:00:00,538.3555918090865
2024-06-09 12:00:00,1391.1143826375726
2024-06-09 18:00:00,1741.47466687724
2024-06-10 00:00:00,0.0
2024-06-10 06:00:00,512.2090155247841
2024-06-10 12:00:00,1477.434548865608
2024-06-10 18:00:00,1917.5091979101212
2024-06-11 00:00:00,0.0
2024-06-11 06:00:00,664.4267978296465
2024-06-11 12:00:00,1825.0438503395067
2024-06-11 18:00:00,1867.9585247999028
2024-06-12 00:00:00,0.0
2024-06-12 06:00:00,735.6587439892821
2024-06-12 12:00:00,1496.8154627815677
2024-06-12 18:00:00,2281.4091308304432
2024-06-13 00:00:00,0.0
2024-06-13 06:00:00,726.9460935040845
2024-06-13 12:00:00,1723.8355048740284
2024-06-13 18:00:00,2018.0696379874173
2024-06-14 00:00:00,0.0
2024-06-14 06:00:00,516.8854279687264
2024-06-14 12:00:00,1459.6676831420389
2024-06-14 18:00:00,1847.2199221864653
2024-06-15 00:00:00,0.0
2024-06-15 06:00:00,351.39154263613034
2024-06-15 12:00:00,1698.394352290943
2024-06-15 18:00:00,2535.449139760047
2024-06-16 00:00:00,0.0
2024-06-16 06:00:00,562.6979124406278
2024-06-16 12:00:00,1570.9922388253472
2024-06-16 18:00:00,2208.8316609974295
2024-06-17 00:00:00,0.0
2024-06-17 06:00:00,540.5221163532062
2024-06-17 12:00:00,1332.036108471792
2024-06-17 18:00:00,2146.791398131798
2024-06-18 00:00:00,0.0
2024-06-18 06:00:00,829.2990038653559
2024-06-18 12:00:00,1562.3437733724872
2024-06-18 18:00:00,2106.666760881025
2024-06-19 00:00:00,0.0
2024-06-19 06:00:00,606.0787048800786
2024-06-19 12:00:00,1697.9996228343289
2024-06-19 18:00:00,1764.2542658414131
2024-06-20 00:00:00,0.0
2024-06-20 06:00:00,781.5823646338231
2024-06-20 12:00:00,1641.6376207309481
2024-06-20 18:00:00,2359.9684489266992
2024-06-21 00:00:00,0.0
2024-06-21 06:00:00,611.4245165646971
2024-06-21 12:00:00,1735.5573626895975
2024-06-21 18:00:00,2094.539262122051
2024-06-22 00:00:00,0.0
2024-06-22 06:00:00,551.1703865238294
2024-06-22 12:00:00,1748.33628806934
2024-06-22 18:00:00,1992.696552459091
2024-06-23 00:00:00,0.0
2024-06-23 06:00:00,613.318632125209
2024-06-23 12:00:00,1485.2707747849308
2024-06-23 18:00:00,2078.6163766089085
2024-06-24 00:00:00,0.0
2024-06-24 06:00:00,381.46115693715785
2024-06-24 12:00:00,1508.2304128450505
2024-06-24 18:00:00,1982.9369712261544
2024-06-25 00:00:00,0.0
2024-06-25 06:00:00,539.1256281256036
2024-06-25 12:00:00,1844.7802797438144
2024-06-25 18:00:00,1961.91405834147
2024-06-26 00:00:00,0.0
2024-06-26 06:00:00,742.9196072443385
2024-06-26 12:00:00,1434.926851966131
2024-06-26 18:00:00,2072.014423939148
2024-06-27 00:00:00,0.0
2024-06-27 06:00:00,546.0009372020187
2024-06-27 12:00:00,1660.4338631009045
2024-06-27 18:00:00,2364.4416525725865
2024-06-28 00:00:00,0.0
2024-06-28 06:00:00,670.6167256653417
2024-06-28 12:00:00,1628.6007710182512
2024-06-28 18:00:00,2118.1789270057157
2024-06-29 00:00:00,0.0
2024-06-29 06:00:00,816.3364713961593
2024-06-29 12:00:00,1507.2804565243937
2024-06-29 18:00:00,1975.4046356970698
2024-06-30 00:00:00,0.0
2024-06-30 06:00:00,589.0187963341646
2024-06-30 12:00:00,1724.977100833845
2024-06-30 18:00:00,1707.0938730060245
2024-07-01 00:00:00,0.0
2024-07-01 06:00:00,358.2368243015977
2024-07-01 12:00:00,1625.9488460347768
2024-07-01 18:00:00,1859.9029575870707
2024-07-02 00:00:00,0.0
2024-07-02 06:00:00,383.27005508610335
2024-07-02 12:00:00,1355.6637267334866
2024-07-02 18:00:00,1896.395253968035
2024-07-03 00:00:00,0.0
2024-07-03 06:00:00,639.6172084258865
2024-07-03 12:00:00,1498.585552299759
2024-07-03 18:00:00,1888.737567632649
2024-07-04 00:00:00,0.0
2024-07-04 06:00:00,604.5670436946582
2024-07-04 12:00:00,1296.6452486132425
2024-07-04 18:00:00,1638.5389698195008
2024-07-05 00:00:00,0.0
2024-07-05 06:00:00,773.0702359452484
2024-07-05 12:00:00,1527.634773141596
2024-07-05 18:00:00,2059.3365993383736
2024-07-06 00:00:00,0.0
2024-07-06 06:00:00,447.6094362619083
2024-07-06 12:00:00,1610.0020076596043
2024-07-06 18:00:00,1859.0641461610296
2024-07-07 00:00:00,0.0
2024-07-07 06:00:00,455.12926464711325
2024-07-07 12:00:00,1384.7621998385769
2024-07-07 18:00:00,1865.318712789474
2024-07-08 00:00:00,0.0
2024-07-08 06:00:00,572.0547254943582
2024-07-08 12:00:00,1370.1689660645136
2024-07-08 18:00:00,1823.6977823273032
2024-07-09 00:00:00,0.0
2024-07-09 06:00:00,687.3473760810551
2024-07-09 12:00:00,1354.3093426909547
2024-07-09 18:00:00,1943.3325057847128
2024-07-10 00:00:00,0.0
2024-07-10 06:00:00,742.0259395101544
2024-07-10 12:00:00,1569.898129318568
2024-07-10 18:00:00,1908.1130667509522
2024-07-11 00:00:00,0.0
2024-07-11 06:00:00,554.4628828106574
2024-07-11 12:00:00,1536.5721928779421
2024-07-11 18:00:00,1844.167329851846
2024-07-12 00:00:00,0.0
2024-07-12 06:00:00,476.1873010952247
2024-07-12 12:00:00,1666.5701094931123
2024-07-12 18:00:00,2089.3730912786086
2024-07-13 00:00:00,0.0
2024-07-13 06:00:00,584.9089511114867
2024-07-13 12:00:00,1340.9268544739666
2024-07-13 18:00:00,1689.284428837907
2024-07-14 00:00:00,0.0
2024-07-14 06:00:00,618.8628847268121
2024-07-14 12:00:00,1429.0375461539466
2024-07-14 18:00:00,1789.3342544956217
2024-07-15 00:00:00,0.0
2024-07-15 06:00:00,688.7897698909637
2024-07-15 12:00:00,1487.4835648314047
2024-07-15 18:00:00,2059.9467636454683
2024-07-16 00:00:00,0.0
2024-07-16 06:00:00,385.5804780054259
2024-07-16 12:00:00,1436.5906823437883
2024-07-16 18:00:00,1854.428233052432
2024-07-17 00:00:00,0.0
2024-07-17 06:00:00,589.6387065847201
2024-07-17 12:00:00,1606.110059127042
2024-07-17 18:00:00,2082.021664129561
2024-07-18 00:00:00,0.0
2024-07-18 06:00:00,317.80501264732777
2024-07-18 12:00:00,1597.8977539609064
2024-07-18 18:00:00,1799.302698216768
2024-07-19 00:00:00,0.0
2024-07-19 06:00:00,584.3347524056529
2024-07-19 12:00:00,1428.4465127752414
2024-07-19 18:00:00,1944.748899179922
2024-07-20 00:00:00,0.0
2024-07-20 06:00:00,697.4014610702051
2024-07-20 12:00:00,1810.5764960530473
2024-07-20 18:00:00,2015.5291485529053
2024-07-21 00:00:00,0.0
2024-07-21 06:00:00,738.2324347305828
2024-07-21 12:00:00,1480.785892286403
2024-07-21 18:00:00,1873.011623541503
2024-07-22 00:00:00,0.0
2024-07-22 06:00:00,892.6736468346506
2024-07-22 12:00:00,1343.8675035607928
2024-07-22 18:00:00,1864.612512916689
2024-07-23 00:00:00,0.0
2024-07-23 06:00:00,774.5418030592999
2024-07-23 12:00:00,1434.1193598403029
2024-07-23 18:00:00,1695.8566830982977
2024-07-24 00:00:00,0.0
2024-07-24 06:00:00,644.3168671167692
2024-07-24 12:00:00,1755.8956589988757
2024-07-24 18:00:00,1977.2009406787263
2024-07-25 00:00:00,0.0
2024-07-25 06:00:00,800.2687365540053
2024-07-25 12:00:00,1476.1510560756667
2024-07-25 18:00:00,2208.8973661079967
2024-07-26 00:00:00,0.0
2024-07-26 06:00:00,630.3235236094979
2024-07-26 12:00:00,1629.2777238282852
2024-07-26 18:00:00,1771.997799691992
2024-07-27 00:00:00,0.0
2024-07-27 06:00:00,719.8491739918724
2024-07-27 12:00:00,1690.159213802322
2024-07-27 18:00:00,1972.8482987186653
2024-07-28 00:00:00,0.0
2024-07-28 06:00:00,592.4251636454992
2024-07-28 12:00:00,1596.9164588036392
2024-07-28 18:00:00,1677.3172779328484
2024-07-29 00:00:00,0.0
2024-07-29 06:00:00,776.2240701168245
2024-07-29 12:00:00,1647.7264297466377
2024-07-29 18:00:00,1469.250426855845
2024-07-30 00:00:00,0.0
2024-07-30 06:00:00,566.1752914649898
2024-07-30 12:00:00,1562.1935762678527
2024-07-30 18:00:00,2121.091638883377
2024-07-31 00:00:00,0.0
2024-07-31 06:00:00,622.7803729585937
2024-07-31 12:00:00,1451.353973575224
2024-07-31 18:00:00,1970.9580396630067
2024-08-01 00:00:00,0.0
2024-08-01 06:00:00,651.4998898085088
2024-08-01 12:00:00,1558.995570992562
2024-08-01 18:00:00,2074.5878641401923
2024-08-02 00:00:00,0.0
2024-08-02 06:00:00,640.2951326697231
2024-08-02 12:00:00,1457.581566977568
2024-08-02 18:00:00,1851.6707730264047
2024-08-03 00:00:00,0.0
2024-08-03 06:00:00,608.2891229420248
2024-08-03 12:00:00,1586.6591329987473
2024-08-03 18:00:00,1713.9442261545078
2024-08-04 00:00:00,0.0
2024-08-04 06:00:00,686.5151419017388
2024-08-04 12:00:00,1615.8730801648346
2024-08-04 18:00:00,1914.2246761934648
2024-08-05 00:00:00,0.0
2024-08-05 06:00:00,460.8032803332766
2024-08-05 12:00:00,1484.1303920742007
2024-08-05 18:00:00,2188.3039141817494
2024-08-06 00:00:00,0.0
2024-08-06 06:00:00,606.8393819706706
2024-08-06 12:00:00,1429.2936920467396
2024-08-06 18:00:00,2018.6606312520476
2024-08-07 00:00:00,0.0
2024-08-07 06:00:00,478.93557546371176
2024-08-07 12:00:00,1405.8288729234428
2024-08-07 18:00:00,1723.166301702594
2024-08-08 00:00:00,0.0
2024-08-08 06:00:00,479.9056885862706
2024-08-08 12:00:00,1578.7067898893602
2024-08-08 18:00:00,1879.621250890761
2024-08-09 00:00:00,0.0
2024-08-09 06:00:00,490.90192900639386
2024-08-09 12:00:00,1249.676186113191
2024-08-09 18:00:00,1964.99331288485
2024-08-10 00:00:00,0.0
2024-08-10 06:00:00,687.4923519020775
2024-08-10 12:00:00,1345.1092218420017
2024-08-10 18:00:00,1585.2616540147474
2024-08-11 00:00:00,0.0
2024-08-11 06:00:00,376.8980877414993
2024-08-11 12:00:00,1265.83489956255
2024-08-11 18:00:00,1928.9243109776457
2024-08-12 00:00:00,0.0
2024-08-12 06:00:00,733.4241999423874
2024-08-12 12:00:00,1280.3371154278234
2024-08-12 18:00:00,2004.5095455010592
2024-08-13 00:00:00,0.0
2024-08-13 06:00:00,708.9478225410817
2024-08-13 12:00:00,1355.0551970195747
2024-08-13 18:00:00,2014.0965114882047
2024-08-14 00:00:00,0.0
2024-08-14 06:00:00,588.7198105151305
2024-08-14 12:00:00,1637.3762415262136
2024-08-14 18:00:00,1717.4467851711706
2024-08-15 00:00:00,0.0
2024-08-15 06:00:00,577.5166445696336
2024-08-15 12:00:00,1365.628055648314
2024-08-15 18:00:00,1828.742582845914
2024-08-16 00:00:00,0.0
2024-08-16 06:00:00,525.9938100279131
2024-08-16 12:00:00,1182.3284001838788
2024-08-16 18:00:00,1867.4107256672137
2024-08-17 00:00:00,0.0
2024-08-17 06:00:00,810.5931446101724
2024-08-17 12:00:00,1315.6460581279164
2024-08-17 18:00:00,1831.0778871008715
2024-08-18 00:00:00,0.0
2024-08-18 06:00:00,399.52673277590577
2024-08-18 12:00:00,1412.9792650767438
2024-08-18 18:00:00,1875.8772430223062
2024-08-19 00:00:00,0.0
2024-08-19 06:00:00,567.1596712589264
2024-08-19 12:00:00,1287.9171732546217
2024-08-19 18:00:00,1681.646268348261
2024-08-20 00:00:00,0.0
2024-08-20 06:00:00,473.5344354504212
2024-08-20 12:00:00,1284.4029010336828
2024-08-20 18:00:00,2060.5457966882523
2024-08-21 00:00:00,0.0
2024-08-21 06:00:00,697.5591120205065
2024-08-21 12:00:00,1515.90427743572
2024-08-21 18:00:00,1696.8617010536786
2024-08-22 00:00:00,0.0
2024-08-22 06:00:00,492.3048930329445
2024-08-22 12:00:00,1491.0715438379088
2024-08-22 18:00:00,1770.9444445079444
2024-08-23 00:00:00,0.0
2024-08-23 06:00:00,519.3101377417609
2024-08-23 12:00:00,1311.610517142327
2024-08-23 18:00:00,1771.3675536470987
2024-08-24 00:00:00,0.0
2024-08-24 06:00:00,454.9342110571427
2024-08-24 12:00:00,1562.7585802151768
2024-08-24 18:00:00,1923.860946540552
2024-08-25 00:00:00,0.0
2024-08-25 06:00:00,649.831415205226
2024-08-25 12:00:00,1487.2887870647976
2024-08-25 18:00:00,1641.1262554793761
2024-08-26 00:00:00,0.0
2024-08-26 06:00:00,472.01970229200845
2024-08-26 12:00:00,1529.0582801292237
2024-08-26 18:00:00,1745.6045442373293
2024-08-27 00:00:00,0.0
2024-08-27 06:00:00,541.2973689483779
2024-08-27 12:00:00,1457.138737160138
2024-08-27 18:00:00,1825.5262576455991
2024-08-28 00:00:00,0.0
2024-08-28 06:00:00,636.7301624138973
2024-08-28 12:00:00,1553.2241607081992
2024-08-28 18:00:00,2045.500634738879
2024-08-29 00:00:00,0.0
2024-08-29 06:00:00,366.145232452393
2024-08-29 12:00:00,1435.0907594307303
2024-08-29 18:00:00,2038.1452448948717
2024-08-30 00:00:00,0.0
2024-08-30 06:00:00,159.58939700039332
2024-08-30 12:00:00,1403.3398192963305
2024-08-30 18:00:00,1831.0960469442425
2024-08-31 00:00:00,0.0
2024-08-31 06:00:00,623.6697741182296
2024-08-31 12:00:00,1401.4497583572288
2024-08-31 18:00:00,1682.3007238493597
2024-09-01 00:00:00,0.0
2024-09-01 06:00:00,420.5106861632622
2024-09-01 12:00:00,1416.9833058316522
2024-09-01 18:00:00,1885.0564219857156
2024-09-02 00:00:00,0.0
2024-09-02 06:00:00,584.7770410101184
2024-09-02 12:00:00,1562.5440079177
2024-09-02 18:00:00,1824.3685593428063
2024-09-03 00:00:00,0.0
2024-09-03 06:00:00,414.3364163378508
2024-09-03 12:00:00,1389.5785287311437
2024-09-03 18:00:00,2051.4443275409385
2024-09-04 00:00:00,0.0
2024-09-04 06:00:00,450.5505472293074
2024-09-04 12:00:00,1404.9420858598298
2024-09-04 18:00:00,1813.094077184043
2024-09-05 00:00:00,0.0
2024-09-05 06:00:00,608.8134484543074
2024-09-05 12:00:00,1361.0794158188244
2024-09-05 18:00:00,1961.6788121758836
2024-09-06 00:00:00,0.0
2024-09-06 06:00:00,406.20873386497163
2024-09-06 12:00:00,1257.8496861000567
2024-09-06 18:00:00,2120.022163916761
2024-09-07 00:00:00,0.0
2024-09-07 06:00:00,541.9828310625684
2024-09-07 12:00:00,1380.8672351267808
2024-09-07 18:00:00,1736.008054944526
2024-09-08 00:00:00,0.0
2024-09-08 06:00:00,761.0052696509913
2024-09-08 12:00:00,1359.5218094146235
2024-09-08 18:00:00,2043.3412869201545
2024-09-09 00:00:00,0.0
2024-09-09 06:00:00,405.9130492756893
2024-09-09 12:00:00,1204.9126867901527
2024-09-09 18:00:00,1693.854198914658
2024-09-10 00:00:00,0.0
2024-09-10 06:00:00,455.3619270660433
2024-09-10 12:00:00,1427.362679272588
2024-09-10 18:00:00,2211.3662901253933
2024-09-11 00:00:00,0.0
2024-09-11 06:00:00,596.6666105966428
2024-09-11 12:00:00,1620.1418249489748
2024-09-11 18:00:00,1576.262518070772
2024-09-12 00:00:00,0.0
2024-09-12 06:00:00,536.7554491752425
2024-09-12 12:00:00,1358.64969224258
2024-09-12 18:00:00,1941.3926645750494
2024-09-13 00:00:00,0.0
2024-09-13 06:00:00,359.7226519655614
2024-09-13 12:00:00,1583.8718379997104
2024-09-13 18:00:00,1837.8154291714018
2024-09-14 00:00:00,0.0
2024-09-14 06:00:00,455.2588452442777
2024-09-14 12:00:00,1429.6363025200687
2024-09-14 18:00:00,1624.228882469509
2024-09-15 00:00:00,0.0
2024-09-15 06:00:00,284.6292563232462
2024-09-15 12:00:00,1604.091785481074
2024-09-15 18:00:00,1795.6725316037957
2024-09-16 00:00:00,0.0
2024-09-16 06:00:00,706.6620315062
2024-09-16 12:00:00,1406.7366943096317
2024-09-16 18:00:00,1741.028120182857
2024-09-17 00:00:00,0.0
2024-09-17 06:00:00,435.94245425630277
2024-09-17 12:00:00,1527.4397847835025
2024-09-17 18:00:00,1971.5300284794425
2024-09-18 00:00:00,0.0
2024-09-18 06:00:00,312.4090991854369
2024-09-18 12:00:00,1457.0477188718207
2024-09-18 18:00:00,1757.781058274436
2024-09-19 00:00:00,0.0
2024-09-19 06:00:00,498.18074787325565
2024-09-19 12:00:00,1376.7208031727027
2024-09-19 18:00:00,1944.727857037351
2024-09-20 00:00:00,0.0
2024-09-20 06:00:00,429.8017527174899
2024-09-20 12:00:00,1381.985817124285
2024-09-20 18:00:00,1783.9016613414785
2024-09-21 00:00:00,0.0
2024-09-21 06:00:00,284.9751653631426
2024-09-21 12:00:00,1357.4399485679778
2024-09-21 18:00:00,1720.5958077972125
2024-09-22 00:00:00,0.0
2024-09-22 06:00:00,526.8245803219229
2024-09-22 12:00:00,1472.8695339757905
2024-09-22 18:00:00,1919.3354776883266
2024-09-23 00:00:00,0.0
2024-09-23 06:00:00,561.7616102598067
2024-09-23 12:00:00,1451.0437134107906
2024-09-23 18:00:00,2110.4419562636012
2024-09-24 00:00:00,0.0
2024-09-24 06:00:00,648.3085455481637
2024-09-24 12:00:00,1372.3091127469575
2024-09-24 18:00:00,1876.1348252287703
2024-09-25 00:00:00,0.0
2024-09-25 06:00:00,607.044612105698
2024-09-25 12:00:00,1363.4248795364997
2024-09-25 18:00:00,2005.387882487798
2024-09-26 00:00:00,0.0
2024-09-26 06:00:00,360.0663824333862
2024-09-26 12:00:00,1227.4585391286132
2024-09-26 18:00:00,1725.6574058429487
2024-09-27 00:00:00,0.0
2024-09-27 06:00:00,546.8964100591357
2024-09-27 12:00:00,1597.9178681140304
2024-09-27 18:00:00,1836.1321265012434
2024-09-28 00:00:00,0.0
2024-09-28 06:00:00,465.261499881972
2024-09-28 12:00:00,1310.3254837609288
2024-09-28 18:00:00,1817.8341290586786
2024-09-29 00:00:00,0.0
2024-09-29 06:00:00,406.1015432473798
2024-09-29 12:00:00,1239.4933116444943
2024-09-29 18:00:00,2027.9544546141183
2024-09-30 00:00:00,0.0
2024-09-30 06:00:00,288.12091467093126
2024-09-30 12:00:00,1444.074341791769
2024-09-30 18:00:00,2059.064075327704
2024-10-01 00:00:00,0.0
2024-10-01 06:00:00,662.9513010259275
2024-10-01 12:00:00,1404.8690747636065
2024-10-01 18:00:00,1903.3439107684776
2024-10-02 00:00:00,0.0
2024-10-02 06:00:00,403.5889617510712
2024-10-02 12:00:00,1172.4147384492503
2024-10-02 18:00:00,1881.3877970057438
2024-10-03 00:00:00,0.0
2024-10-03 06:00:00,526.403546194843
2024-10-03 12:00:00,1305.056858484907
2024-10-03 18:00:00,1775.2764263838735
2024-10-04 00:00:00,0.0
2024-10-04 06:00:00,321.8399554303627
2024-10-04 12:00:00,1440.003092770135
2024-10-04 18:00:00,1926.4623509828075
2024-10-05 00:00:00,0.0
2024-10-05 06:00:00,516.6244337954067
2024-10-05 12:00:00,1487.8723453931311
2024-10-05 18:00:00,1621.380698115375
2024-10-06 00:00:00,0.0
2024-10-06 06:00:00,442.8960179838156
2024-10-06 12:00:00,1293.1844926021688
2024-10-06 18:00:00,1827.612876684273
2024-10-07 00:00:00,0.0
2024-10-07 06:00:00,332.1428472201245
2024-10-07 12:00:00,1353.491036898525
2024-10-07 18:00:00,1502.3927722727547
2024-10-08 00:00:00,0.0
2024-10-08 06:00:00,535.4556098808373
2024-10-08 12:00:00,1142.934275785347
2024-10-08 18:00:00,2050.2477691591666
2024-10-09 00:00:00,0.0
2024-10-09 06:00:00,381.68532122224735
2024-10-09 12:00:00,1379.415262903403
2024-10-09 18:00:00,1771.4092453117178
2024-10-10 00:00:00,0.0
2024-10-10 06:00:00,679.6368278792484
2024-10-10 12:00:00,1279.1793240012826
2024-10-10 18:00:00,2003.924191677902
2024-10-11 00:00:00,0.0
2024-10-11 06:00:00,464.23839395974835
2024-10-11 12:00:00,1069.5338864276027
2024-10-11 18:00:00,1719.247570256728
2024-10-12 00:00:00,0.0
2024-10-12 06:00:00,239.0051576850152
2024-10-12 12:00:00,1307.736636151253
2024-10-12 18:00:00,1874.576252157174
2024-10-13 00:00:00,0.0
2024-10-13 06:00:00,350.54402069443137
2024-10-13 12:00:00,1344.9033588404898
2024-10-13 18:00:00,1943.94272889691
2024-10-14 00:00:00,0.0
2024-10-14 06:00:00,404.26303541540966
2024-10-14 12:00:00,1276.888261124018
2024-10-14 18:00:00,1894.5406747604375
2024-10-15 00:00:00,0.0
2024-10-15 06:00:00,367.32834804981854
2024-10-15 12:00:00,1304.9542439712254
2024-10-15 18:00:00,1504.675386752562
2024-10-16 00:00:00,0.0
2024-10-16 06:00:00,454.90089139874317
2024-10-16 12:00:00,1245.5306188849777
2024-10-16 18:00:00,1919.3470308069313
2024-10-17 00:00:00,0.0
2024-10-17 06:00:00,592.1509134799117
2024-10-17 12:00:00,1518.4811599061609
2024-10-17 18:00:00,1873.33403238772
2024-10-18 00:00:00,0.0
2024-10-18 06:00:00,358.69871974027205
2024-10-18 12:00:00,1280.1225389406877
2024-10-18 18:00:00,1746.4045094945313
2024-10-19 00:00:00,0.0
2024-10-19 06:00:00,539.1483495576651
2024-10-19 12:00:00,1224.9328154562377
2024-10-19 18:00:00,1882.9119393106503
2024-10-20 00:00:00,0.0
2024-10-20 06:00:00,634.7527475872337
2024-10-20 12:00:00,1405.743944062151
2024-10-20 18:00:00,1938.9230629652052
2024-10-21 00:00:00,0.0
2024-10-21 06:00:00,421.96261687113645
2024-10-21 12:00:00,1318.9219283985583
2024-10-21 18:00:00,1754.6372172210977
2024-10-22 00:00:00,0.0
2024-10-22 06:00:00,432.86665909417616
2024-10-22 12:00:00,1421.3802438771395
2024-10-22 18:00:00,1823.3321567319726
2024-10-23 00:00:00,0.0
2024-10-23 06:00:00,424.8637547250959
2024-10-23 12:00:00,1238.3390704333585
2024-10-23 18:00:00,1749.335441277383
2024-10-24 00:00:00,0.0
2024-10-24 06:00:00,373.48288299822246
2024-10-24 12:00:00,1326.3580423929097
2024-10-24 18:00:00,1849.0871786195376
2024-10-25 00:00:00,0.0
2024-10-25 06:00:00,476.8016975578263
2024-10-25 12:00:00,1471.771244027192
2024-10-25 18:00:00,1804.5421555788005
2024-10-26 00:00:00,0.0
2024-10-26 06:00:00,451.3997135213797
2024-10-26 12:00:00,1385.259221780595
2024-10-26 18:00:00,2108.7671726628764
2024-10-27 00:00:00,0.0
2024-10-27 06:00:00,459.4100581893585
2024-10-27 12:00:00,1402.3741637493372
2024-10-27 18:00:00,1970.9399897279552
2024-10-28 00:00:00,0.0
2024-10-28 06:00:00,551.1686599058183
2024-10-28 12:00:00,1467.4662784717675
2024-10-28 18:00:00,2179.1762252000267
2024-10-29 00:00:00,0.0
2024-10-29 06:00:00,345.7426085319238
2024-10-29 12:00:00,1050.09467821731
2024-10-29 18:00:00,2325.062659543254
2024-10-30 00:00:00,0.0
2024-10-30 06:00:00,356.2310743364236
2024-10-30 12:00:00,1273.1366278880382
2024-10-30 18:00:00,2043.3999263220235
2024-10-31 00:00:00,0.0
2024-10-31 06:00:00,366.4235404013826
2024-10-31 12:00:00,1305.0466888716514
2024-10-31 18:00:00,1726.0714480016582
2024-11-01 00:00:00,0.0
2024-11-01 06:00:00,447.35503977000974
2024-11-01 12:00:00,1477.5470457667236
2024-11-01 18:00:00,1898.9439966724012
2024-11-02 00:00:00,0.0
2024-11-02 06:00:00,430.0781955325531
2024-11-02 12:00:00,1405.952308804261
2024-11-02 18:00:00,1849.0312749350578
2024-11-03 00:00:00,0.0
2024-11-03 06:00:00,373.634918350073
2024-11-03 12:00:00,1344.4888184349638
2024-11-03 18:00:00,2056.3293732576694
2024-11-04 00:00:00,0.0
2024-11-04 06:00:00,445.2585716797257
2024-11-04 12:00:00,1408.438335271756
2024-11-04 18:00:00,1492.7657926190175
2024-11-05 00:00:00,0.0
2024-11-05 06:00:00,315.82767591688093
2024-11-05 12:00:00,1542.6251577510216
2024-11-05 18:00:00,1610.1227994949609
2024-11-06 00:00:00,0.0
2024-11-06 06:00:00,667.728920158138
2024-11-06 12:00:00,1292.846983634931
2024-11-06 18:00:00,1611.7968356594092
2024-11-07 00:00:00,0.0
2024-11-07 06:00:00,385.51422957828606
2024-11-07 12:00:00,1154.5016216956378
2024-11-07 18:00:00,1996.1558035078667
2024-11-08 00:00:00,0.0
2024-11-08 06:00:00,580.9569640354905
2024-11-08 12:00:00,1515.1508589049874
2024-11-08 18:00:00,1414.266034105821
2024-11-09 00:00:00,0.0
2024-11-09 06:00:00,428.78666041671966
2024-11-09 12:00:00,1175.0810829034965
2024-11-09 18:00:00,1780.268662929138
2024-11-10 00:00:00,0.0
2024-11-10 06:00:00,420.035686596514
2024-11-10 12:00:00,1263.2663284850194
2024-11-10 18:00:00,1820.8037922312237
2024-11-11 00:00:00,0.0
2024-11-11 06:00:00,417.6010623980676
2024-11-11 12:00:00,1117.020491220586
2024-11-11 18:00:00,2002.1647263953014
2024-11-12 00:00:00,0.0
2024-11-12 06:00:00,266.3006830468854
2024-11-12 12:00:00,1252.4727287100468
2024-11-12 18:00:00,1877.9472230521903
2024-11-13 00:00:00,0.0
2024-11-13 06:00:00,311.31707147943683
2024-11-13 12:00:00,1306.8946318671137
2024-11-13 18:00:00,1939.9355582912467
2024-11-14 00:00:00,0.0
2024-11-14 06:00:00,375.3025793968015
2024-11-14 12:00:00,1275.7297486112752
2024-11-14 18:00:00,1589.500263180389
2024-11-15 00:00:00,0.0
2024-11-15 06:00:00,429.6704485939382
2024-11-15 12:00:00,1365.5553708486598
2024-11-15 18:00:00,1641.7318331402926
2024-11-16 00:00:00,0.0
2024-11-16 06:00:00,587.6958846317364
2024-11-16 12:00:00,1183.4655183652944
2024-11-16 18:00:00,1770.0591228375451
2024-11-17 00:00:00,0.0
2024-11-17 06:00:00,478.79727334871563
2024-11-17 12:00:00,1400.5859811064936
2024-11-17 18:00:00,1698.5749096392215
2024-11-18 00:00:00,0.0
2024-11-18 06:00:00,516.0950826249386
2024-11-18 12:00:00,1143.775736831209
2024-11-18 18:00:00,1988.5232600793902
2024-11-19 00:00:00,0.0
2024-11-19 06:00:00,453.7751540896817
2024-11-19 12:00:00,1097.5158080645688
2024-11-19 18:00:00,1686.1333138098012
2024-11-20 00:00:00,0.0
2024-11-20 06:00:00,480.7448981672255
2024-11-20 12:00:00,1361.1029372875964
2024-11-20 18:00:00,1715.4473081349047
2024-11-21 00:00:00,0.0
2024-11-21 06:00:00,265.3370902659156
2024-11-21 12:00:00,1192.2604415573524
2024-11-21 18:00:00,1914.3990271093676
2024-11-22 00:00:00,0.0
2024-11-22 06:00:00,386.4679728389328
2024-11-22 12:00:00,1226.1691207701394
2024-11-22 18:00:00,1921.9468615030419
2024-11-23 00:00:00,0.0
2024-11-23 06:00:00,649.2721382372151
2024-11-23 12:00:00,1066.9629086302295
2024-11-23 18:00:00,1572.1863084762279
2024-11-24 00:00:00,0.0
2024-11-24 06:00:00,376.18297235365253
2024-11-24 12:00:00,1424.4270520033938
2024-11-24 18:00:00,1806.2233470458636
2024-11-25 00:00:00,0.0
2024-11-25 06:00:00,272.1300930702197
2024-11-25 12:00:00,1217.5579704622326
2024-11-25 18:00:00,1887.047087697153
2024-11-26 00:00:00,0.0
2024-11-26 06:00:00,595.3210376813735
2024-11-26 12:00:00,1178.899603420668
2024-11-26 18:00:00,1489.1673509748232
2024-11-27 00:00:00,0.0
2024-11-27 06:00:00,580.9232642899258
2024-11-27 12:00:00,1236.4424134140395
2024-11-27 18:00:00,1698.973219126553
2024-11-28 00:00:00,0.0
2024-11-28 06:00:00,423.399031317305
2024-11-28 12:00:00,1146.0000220356283
2024-11-28 18:00:00,1889.3351033379076
2024-11-29 00:00:00,0.0
2024-11-29 06:00:00,470.7269737952846
2024-11-29 12:00:00,1389.0945140253275
2024-11-29 18:00:00,2038.2632790265063
2024-11-30 00:00:00,0.0
2024-11-30 06:00:00,567.3736863899005
2024-11-30 12:00:00,1177.8481903961117
2024-11-30 18:00:00,1779.9824081622378
2024-12-01 00:00:00,0.0
2024-12-01 06:00:00,449.52337906073365
2024-12-01 12:00:00,1297.2801315243553
2024-12-01 18:00:00,1841.3048846103552
2024-12-02 00:00:00,0.0
2024-12-02 06:00:00,318.79399400822706
2024-12-02 12:00:00,1321.254616270188
2024-12-02 18:00:00,1967.865833505973
2024-12-03 00:00:00,0.0
2024-12-03 06:00:00,397.6660215045888
2024-12-03 12:00:00,1292.4656268683457
2024-12-03 18:00:00,2101.153187959033
2024-12-04 00:00:00,0.0
2024-12-04 06:00:00,676.9175747470277
2024-12-04 12:00:00,937.5577657923908
2024-12-04 18:00:00,1776.654424099469
2024-12-05 00:00:00,0.0
2024-12-05 06:00:00,310.0711373194781
2024-12-05 12:00:00,1347.784132081465
2024-12-05 18:00:00,1641.0668530287644
2024-12-06 00:00:00,0.0
2024-12-06 06:00:00,212.1269420343736
2024-12-06 12:00:00,1556.01367533462
2024-12-06 18:00:00,1937.2212530900879
2024-12-07 00:00:00,0.0
2024-12-07 06:00:00,292.61870863645845
2024-12-07 12:00:00,1042.9130581166842
2024-12-07 18:00:00,1742.181739173969
2024-12-08 00:00:00,0.0
2024-12-08 06:00:00,317.4054315268314
2024-12-08 12:00:00,1214.399117756844
2024-12-08 18:00:00,1575.7425039884251
2024-12-09 00:00:00,0.0
2024-12-09 06:00:00,403.32879841564784
2024-12-09 12:00:00,1214.7675377940916
2024-12-09 18:00:00,1886.1136752866512
2024-12-10 00:00:00,0.0
2024-12-10 06:00:00,605.415116467584
2024-12-10 12:00:00,1371.509796407307
2024-12-10 18:00:00,2094.0234237604004
2024-12-11 00:00:00,0.0
2024-12-11 06:00:00,82.52845149504185
2024-12-11 12:00:00,1299.5879281446119
2024-12-11 18:00:00,1782.1849967482885
2024-12-12 00:00:00,0.0
2024-12-12 06:00:00,476.95310676193935
2024-12-12 12:00:00,1341.5070400574334
2024-12-12 18:00:00,1882.9156578224251
2024-12-13 00:00:00,0.0
2024-12-13 06:00:00,430.46417621410296
2024-12-13 12:00:00,1335.9968289455828
2024-12-13 18:00:00,1477.868587924445
2024-12-14 00:00:00,0.0
2024-12-14 06:00:00,587.3362999677861
2024-12-14 12:00:00,1104.0351198717563
2024-12-14 18:00:00,2026.8922680160115
2024-12-15 00:00:00,0.0
2024-12-15 06:00:00,381.3595973495502
2024-12-15 12:00:00,1196.230022148635
2024-12-15 18:00:00,1679.6225885061513
2024-12-16 00:00:00,0.0
2024-12-16 06:00:00,302.35625265654664
2024-12-16 12:00:00,1383.194719001651
2024-12-16 18:00:00,1809.6363508698023
2024-12-17 00:00:00,0.0
2024-12-17 06:00:00,478.14417731168174
2024-12-17 12:00:00,1347.3653775176908
2024-12-17 18:00:00,1769.6623200447793
2024-12-18 00:00:00,0.0
2024-12-18 06:00:00,314.1417559293335
2024-12-18 12:00:00,1272.918325129292
2024-12-18 18:00:00,1762.8503332823566
2024-12-19 00:00:00,0.0
2024-12-19 06:00:00,353.3290078736863
2024-12-19 12:00:00,1216.4841400855926
2024-12-19 18:00:00,1683.9053461358067
2024-12-20 00:00:00,0.0
2024-12-20 06:00:00,424.0795442411482
2024-12-20 12:00:00,1057.1921666741898
2024-12-20 18:00:00,1800.585692239806
2024-12-21 00:00:00,0.0
2024-12-21 06:00:00,391.75324759039887
2024-12-21 12:00:00,1230.400709392218
2024-12-21 18:00:00,1470.1359910248782
2024-12-22 00:00:00,0.0
2024-12-22 06:00:00,328.24709145409054
2024-12-22 12:00:00,1209.9624225900652
2024-12-22 18:00:00,1704.0616601863985
2024-12-23 00:00:00,0.0
2024-12-23 06:00:00,403.4083937799193
2024-12-23 12:00:00,1409.044170452484
2024-12-23 18:00:00,1786.3370196443682
2024-12-24 00:00:00,0.0
2024-12-24 06:00:00,420.25772102605345
2024-12-24 12:00:00,1342.3623441066682
2024-12-24 18:00:00,1936.0672115792804
2024-12-25 00:00:00,0.0
2024-12-25 06:00:00,623.9344088233905
2024-12-25 12:00:00,1178.1219414040934
2024-12-25 18:00:00,1791.7993093973034
2024-12-26 00:00:00,0.0
2024-12-26 06:00:00,352.32828670650395
2024-12-26 12:00:00,1213.3049091691178
2024-12-26 18:00:00,2057.9113676783527
2024-12-27 00:00:00,0.0
2024-12-27 06:00:00,436.32188191868966
2024-12-27 12:00:00,1378.1917486062641
2024-12-27 18:00:00,1846.234265607551
2024-12-28 00:00:00,0.0
2024-12-28 06:00:00,693.073131936012
2024-12-28 12:00:00,1078.1467965051365
2024-12-28 18:00:00,1913.0672064110418
2024-12-29 00:00:00,0.0
2024-12-29 06:00:00,437.10099778773645
2024-12-29 12:00:00,1287.87576521232
2024-12-29 18:00:00,1778.016592473717
2024-12-30 00:00:00,0.0
2024-12-30 06:00:00,218.4214097307165
2024-12-30 12:00:00,1137.2996727281577
2024-12-30 18:00:00,1916.4061053730875
